page,bbox_x0,bbox_top,bbox_x1,bbox_bottom,tentang,tipe_regional,kelas_rs,tipe_rs,rawat_jalan,NO,KODE INA-CBG,DESKRIPSI KODE INA-CBG,TARIF INA-CBG
144,50.0,109.4,452.8,784.8,-144- TARIF INA-CBG REGIONAL 1 RUMAH SAKIT KELAS B SWASTA RAWAT JALAN,,,,,1,B-2-10-0,PROSEDUR PADA HATI DAN PANKREAS,1.163.300
144,50.0,109.4,452.8,784.8,-144- TARIF INA-CBG REGIONAL 1 RUMAH SAKIT KELAS B SWASTA RAWAT JALAN,,,,,2,B-2-11-0,PROSEDUR BESAR PADA SALURAN EMPEDU,1.265.400
144,50.0,109.4,452.8,784.8,-144- TARIF INA-CBG REGIONAL 1 RUMAH SAKIT KELAS B SWASTA RAWAT JALAN,,,,,3,B-2-12-0,PROSEDUR KOLESISTEKTOMI TANPA LAPAROSKOPI,2.689.100
144,50.0,109.4,452.8,784.8,-144- TARIF INA-CBG REGIONAL 1 RUMAH SAKIT KELAS B SWASTA RAWAT JALAN,,,,,4,B-2-13-0,PROSEDUR LAIN-LAIN PADA HEPATOBILIARI & PANKREAS,2.728.000
144,50.0,109.4,452.8,784.8,-144- TARIF INA-CBG REGIONAL 1 RUMAH SAKIT KELAS B SWASTA RAWAT JALAN,,,,,5,B-2-14-0,PROSEDUR KOLESISTEKTOMI DENGAN LAPAROSKOPI,3.278.600
144,50.0,109.4,452.8,784.8,-144- TARIF INA-CBG REGIONAL 1 RUMAH SAKIT KELAS B SWASTA RAWAT JALAN,,,,,6,B-3-10-0,PROSEDUR PADA PERKUTAN HATI & SALURAN EMPEDU,1.201.800
144,50.0,109.4,452.8,784.8,-144- TARIF INA-CBG REGIONAL 1 RUMAH SAKIT KELAS B SWASTA RAWAT JALAN,,,,,7,B-3-11-0,PROSEDUR ENDOSKOPI SALURAN EMPEDU,1.289.400
144,50.0,109.4,452.8,784.8,-144- TARIF INA-CBG REGIONAL 1 RUMAH SAKIT KELAS B SWASTA RAWAT JALAN,,,,,8,B-3-12-0,PROSEDUR LAIN-LAIN PADA SISTEM HEPATOBILIARI DAN PANKREAS,446.000
144,50.0,109.4,452.8,784.8,-144- TARIF INA-CBG REGIONAL 1 RUMAH SAKIT KELAS B SWASTA RAWAT JALAN,,,,,9,C-3-10-0,PROSEDUR RADIOTERAPI,961.300
144,50.0,109.4,452.8,784.8,-144- TARIF INA-CBG REGIONAL 1 RUMAH SAKIT KELAS B SWASTA RAWAT JALAN,,,,,10,C-3-11-0,KEMOTERAPI PADA TUMOR PARU & KANDUNG KEMIH,1.026.100
144,50.0,109.4,452.8,784.8,-144- TARIF INA-CBG REGIONAL 1 RUMAH SAKIT KELAS B SWASTA RAWAT JALAN,,,,,1,C-3-12-0,KEMOTERAPI PADA TUMOR KOLON,1.064.800
144,50.0,109.4,452.8,784.8,-144- TARIF INA-CBG REGIONAL 1 RUMAH SAKIT KELAS B SWASTA RAWAT JALAN,,,,,12,C-3-13-0,KEMOTERAPI PADA TUMOR PAYUDARA ATAU OVARIUM,1.540.600
144,50.0,109.4,452.8,784.8,-144- TARIF INA-CBG REGIONAL 1 RUMAH SAKIT KELAS B SWASTA RAWAT JALAN,,,,,13,C-3-14-0,KEMOTERAPI PADA TUMOR GASTROINTESTINAL,2.045.900
144,50.0,109.4,452.8,784.8,-144- TARIF INA-CBG REGIONAL 1 RUMAH SAKIT KELAS B SWASTA RAWAT JALAN,,,,,14,C-3-15-0,"KEMOTERAPI PADA TUMOR MELANOMA, GINJAL ATAU PROSTAT",1.524.000
144,50.0,109.4,452.8,784.8,-144- TARIF INA-CBG REGIONAL 1 RUMAH SAKIT KELAS B SWASTA RAWAT JALAN,,,,,15,C-3-16-0,KEMOTERAPI PADA TUMOR OTAK,786.200
144,50.0,109.4,452.8,784.8,-144- TARIF INA-CBG REGIONAL 1 RUMAH SAKIT KELAS B SWASTA RAWAT JALAN,,,,,16,C-3-17-0,KEMOTERAPI PADA TUMOR KEPALA ATAU LEHER,1.474.200
144,50.0,109.4,452.8,784.8,-144- TARIF INA-CBG REGIONAL 1 RUMAH SAKIT KELAS B SWASTA RAWAT JALAN,,,,,17,C-3-18-0,KEMOTERAPI PADA LEUKEMIA AKUT,731.400
144,50.0,109.4,452.8,784.8,-144- TARIF INA-CBG REGIONAL 1 RUMAH SAKIT KELAS B SWASTA RAWAT JALAN,,,,,18,C-3-19-0,"KEMOTERAPI PADA TUMOR LIMFOMA, MYELOMA ATAU TESTIS",1.249.600
144,50.0,109.4,452.8,784.8,-144- TARIF INA-CBG REGIONAL 1 RUMAH SAKIT KELAS B SWASTA RAWAT JALAN,,,,,19,C-3-20-0,KEMOTERAPI PADA TUMOR KULIT,2.161.700
144,50.0,109.4,452.8,784.8,-144- TARIF INA-CBG REGIONAL 1 RUMAH SAKIT KELAS B SWASTA RAWAT JALAN,,,,,20,C-3-21-0,KEMOTERAPI PADA TUMOR GINEKOLOGI,1.413.600
144,50.0,109.4,452.8,784.8,-144- TARIF INA-CBG REGIONAL 1 RUMAH SAKIT KELAS B SWASTA RAWAT JALAN,,,,,21,C-3-22-0,KEMOTERAPI PADA TUMOR METASTASE,1.828.200
144,50.0,109.4,452.8,784.8,-144- TARIF INA-CBG REGIONAL 1 RUMAH SAKIT KELAS B SWASTA RAWAT JALAN,,,,,2,C-3-23-0,KEMOTERAPI PADA TUMOR LAIN-LAIN,446.100
144,50.0,109.4,452.8,784.8,-144- TARIF INA-CBG REGIONAL 1 RUMAH SAKIT KELAS B SWASTA RAWAT JALAN,,,,,23,D-2-10-0,PROSEDUR PENCANGKOKAN SUMSUM TULANG,1.359.300
144,50.0,109.4,452.8,784.8,-144- TARIF INA-CBG REGIONAL 1 RUMAH SAKIT KELAS B SWASTA RAWAT JALAN,,,,,24,D-2-11-0,PROSEDUR LIMPA,2.263.700
144,50.0,109.4,452.8,784.8,-144- TARIF INA-CBG REGIONAL 1 RUMAH SAKIT KELAS B SWASTA RAWAT JALAN,,,,,25,D-2-21-0,PROSEDUR BESAR PADA NODUL LIMPA DAN TYMUS,2.261.900
144,50.0,109.4,452.8,784.8,-144- TARIF INA-CBG REGIONAL 1 RUMAH SAKIT KELAS B SWASTA RAWAT JALAN,,,,,26,D-2-22-0,PROSEDUR KECIL PADA NODUL LIMPA DAN TYMUS,556.000
144,50.0,109.4,452.8,784.8,-144- TARIF INA-CBG REGIONAL 1 RUMAH SAKIT KELAS B SWASTA RAWAT JALAN,,,,,27,D-3-10-0,PROSEDUR TRANSFUSI & TERAPI SUMSUM TULANG,1.335.100
144,50.0,109.4,452.8,784.8,-144- TARIF INA-CBG REGIONAL 1 RUMAH SAKIT KELAS B SWASTA RAWAT JALAN,,,,,28,D-3-11-0,PROSEDUR DIAGNOSTIK DARAH DAN ORGAN PEMBENTUK DARAH,1.149.300
144,50.0,109.4,452.8,784.8,-144- TARIF INA-CBG REGIONAL 1 RUMAH SAKIT KELAS B SWASTA RAWAT JALAN,,,,,29,E-2-10-0,PROSEDUR PADA KELENJAR ADRENAL,669.500
144,50.0,109.4,452.8,784.8,-144- TARIF INA-CBG REGIONAL 1 RUMAH SAKIT KELAS B SWASTA RAWAT JALAN,,,,,30,E-2-21-0,PROSEDUR BESAR PADA KELENJAR TIROID DAN PARATIROID,881.500
144,50.0,109.4,452.8,784.8,-144- TARIF INA-CBG REGIONAL 1 RUMAH SAKIT KELAS B SWASTA RAWAT JALAN,,,,,31,E-2-22-0,"PROSEDUR KECIL PADA KELENJAR TIROID,PARATIROID DAN SALURAN THYROGLOSSAL",686.600
144,50.0,109.4,452.8,784.8,-144- TARIF INA-CBG REGIONAL 1 RUMAH SAKIT KELAS B SWASTA RAWAT JALAN,,,,,32,E-3-10-0,PROSEDUR DIAGNOSTIK PADA KELENJAR ENDOKRIN,572.600
144,50.0,109.4,452.8,784.8,-144- TARIF INA-CBG REGIONAL 1 RUMAH SAKIT KELAS B SWASTA RAWAT JALAN,,,,,3,F-3-10-0,TERAPI SHOCK,480.600
144,50.0,109.4,452.8,784.8,-144- TARIF INA-CBG REGIONAL 1 RUMAH SAKIT KELAS B SWASTA RAWAT JALAN,,,,,34,F-5-10-0,PELAYANAN KESEHATAN MENTAL EKSTENSIF,419.300
144,50.0,109.4,452.8,784.8,-144- TARIF INA-CBG REGIONAL 1 RUMAH SAKIT KELAS B SWASTA RAWAT JALAN,,,,,35,F-5-11-0,TERAPI KELOMPOK,385.200
144,50.0,109.4,452.8,784.8,-144- TARIF INA-CBG REGIONAL 1 RUMAH SAKIT KELAS B SWASTA RAWAT JALAN,,,,,36,F-5-12-0,PROSEDUR TES DIAGNOSTIK KESEHATAN JIWA,371.800
144,50.0,109.4,452.8,784.8,-144- TARIF INA-CBG REGIONAL 1 RUMAH SAKIT KELAS B SWASTA RAWAT JALAN,,,,,37,F-5-13-0,PSIKOTERAPI INDIVIDU DEWASA AKUT,506.500
144,50.0,109.4,452.8,784.8,-144- TARIF INA-CBG REGIONAL 1 RUMAH SAKIT KELAS B SWASTA RAWAT JALAN,,,,,38,F-5-14-0,PSIKOTHERAPI INDIVIDU DEWASA BUKAN AKUT,276.500
144,50.0,109.4,452.8,784.8,-144- TARIF INA-CBG REGIONAL 1 RUMAH SAKIT KELAS B SWASTA RAWAT JALAN,,,,,39,F-5-15-0,PENGOBATAN INDIVIDU KETERBELAKANGAN MENTAL,276.300
144,50.0,109.4,452.8,784.8,-144- TARIF INA-CBG REGIONAL 1 RUMAH SAKIT KELAS B SWASTA RAWAT JALAN,,,,,40,F-5-16-0,PSIKOTHERAPI INDIVIDU PADA KANAK-KANAK MASALAH KESEHATAN MENTAL,331.300
144,50.0,109.4,452.8,784.8,-144- TARIF INA-CBG REGIONAL 1 RUMAH SAKIT KELAS B SWASTA RAWAT JALAN,,,,,41,G-2-10-0,PROSEDUR KRANIOTOMI,5.658.900
144,50.0,109.4,452.8,784.8,-144- TARIF INA-CBG REGIONAL 1 RUMAH SAKIT KELAS B SWASTA RAWAT JALAN,,,,,42,G-2-11-0,PROSEDUR SHUNT VENTRIKEL,3.559.200
144,50.0,109.4,452.8,784.8,-144- TARIF INA-CBG REGIONAL 1 RUMAH SAKIT KELAS B SWASTA RAWAT JALAN,,,,,43,G-2-12-0,PROSEDUR PADA PEMBULUH DARAH EKSTRAKRANIAL,2.350.900
144,50.0,109.4,452.8,784.8,-144- TARIF INA-CBG REGIONAL 1 RUMAH SAKIT KELAS B SWASTA RAWAT JALAN,,,,,4,G-2-13-0,PROSEDUR CARPAL TUNNEL RELEASE,1.030.900
144,50.0,109.4,452.8,784.8,-144- TARIF INA-CBG REGIONAL 1 RUMAH SAKIT KELAS B SWASTA RAWAT JALAN,,,,,45,G-2-21-0,PROSEDUR BESAR PADA SARAF PERIFER,2.330.600
144,50.0,109.4,452.8,784.8,-144- TARIF INA-CBG REGIONAL 1 RUMAH SAKIT KELAS B SWASTA RAWAT JALAN,,,,,46,G-2-22-0,PROSEDUR KECIL PADA SARAF PERIFER,1.306.700
144,50.0,109.4,452.8,784.8,-144- TARIF INA-CBG REGIONAL 1 RUMAH SAKIT KELAS B SWASTA RAWAT JALAN,,,,,47,G-2-31-0,PROSEDUR BESAR PADA TULANG BELAKANG,2.333.000
144,50.0,109.4,452.8,784.8,-144- TARIF INA-CBG REGIONAL 1 RUMAH SAKIT KELAS B SWASTA RAWAT JALAN,,,,,48,G-2-32-0,PROSEDUR KECIL PADA TULANG BELAKANG,1.669.100
144,50.0,109.4,452.8,784.8,-144- TARIF INA-CBG REGIONAL 1 RUMAH SAKIT KELAS B SWASTA RAWAT JALAN,,,,,49,G-3-10-0,PROSEDUR TAP & INJEKSI PADA SPINAL,716.900
144,50.0,109.4,452.8,784.8,-144- TARIF INA-CBG REGIONAL 1 RUMAH SAKIT KELAS B SWASTA RAWAT JALAN,,,,,50,G-3-11-0,PROSEDUR INJEKSI PADA SARAF PERIFER,518.700
144,50.0,109.4,452.8,784.8,-144- TARIF INA-CBG REGIONAL 1 RUMAH SAKIT KELAS B SWASTA RAWAT JALAN,,,,,51,G-3-12-0,PROSEDUR PEMERIKSAAN NEUROLOGIS LAIN,614.900
144,50.0,109.4,452.8,784.8,-144- TARIF INA-CBG REGIONAL 1 RUMAH SAKIT KELAS B SWASTA RAWAT JALAN,,,,,52,G-3-13-0,PROSEDUR ELEKROENSEFALOGRAFI (EEG),538.600
144,50.0,109.4,452.8,784.8,-144- TARIF INA-CBG REGIONAL 1 RUMAH SAKIT KELAS B SWASTA RAWAT JALAN,,,,,53,G-5-17-0,PENYAKIT SARAF KRANIAL DAN SARAF PERIFER LAIN-LAIN,270.400
144,50.0,109.4,452.8,784.8,-144- TARIF INA-CBG REGIONAL 1 RUMAH SAKIT KELAS B SWASTA RAWAT JALAN,,,,,54,H-2-21-0,PROSEDUR BESAR PADA MATA,3.016.200
144,50.0,109.4,452.8,784.8,-144- TARIF INA-CBG REGIONAL 1 RUMAH SAKIT KELAS B SWASTA RAWAT JALAN,,,,,5,H-2-22-0,PROSEDUR SEDANG PADA MATA,1.585.200
144,50.0,109.4,452.8,784.8,-144- TARIF INA-CBG REGIONAL 1 RUMAH SAKIT KELAS B SWASTA RAWAT JALAN,,,,,56,H-2-23-0,PROSEDUR KECIL PADA MATA,735.100
144,50.0,109.4,452.8,784.8,-144- TARIF INA-CBG REGIONAL 1 RUMAH SAKIT KELAS B SWASTA RAWAT JALAN,,,,,57,H-2-31-0,PROSEDUR BESAR PADA SEGMEN ANTERIOR MATA,3.139.200
144,50.0,109.4,452.8,784.8,-144- TARIF INA-CBG REGIONAL 1 RUMAH SAKIT KELAS B SWASTA RAWAT JALAN,,,,,58,H-2-32-0,PROSEDUR SEDANG PADA SEGMEN ANTERIOR MATA,2.417.000
144,50.0,109.4,452.8,784.8,-144- TARIF INA-CBG REGIONAL 1 RUMAH SAKIT KELAS B SWASTA RAWAT JALAN,,,,,59,H-2-33-0,PROSEDUR KECIL PADA SEGMEN ANTERIOR MATA,453.400
144,50.0,109.4,452.8,784.8,-144- TARIF INA-CBG REGIONAL 1 RUMAH SAKIT KELAS B SWASTA RAWAT JALAN,,,,,60,H-2-34-0,PROSEDUR BESAR PADA SEGMEN POSTERIOR MATA,3.396.100
144,50.0,109.4,452.8,784.8,-144- TARIF INA-CBG REGIONAL 1 RUMAH SAKIT KELAS B SWASTA RAWAT JALAN,,,,,61,H-2-35-0,PROSEDUR KECIL PADA SEGMEN POSTERIOR MATA,2.726.700
144,50.0,109.4,452.8,784.8,-144- TARIF INA-CBG REGIONAL 1 RUMAH SAKIT KELAS B SWASTA RAWAT JALAN,,,,,62,H-2-36-0,PROSEDUR OPERASI KATARAK,3.969.100
144,50.0,109.4,452.8,784.8,-144- TARIF INA-CBG REGIONAL 1 RUMAH SAKIT KELAS B SWASTA RAWAT JALAN,,,,,63,H-2-37-0,PROSEDUR PHOTOKOAGULASI DAN KRIOTHERAPI PADA RETINA,1.470.500
144,50.0,109.4,452.8,784.8,-144- TARIF INA-CBG REGIONAL 1 RUMAH SAKIT KELAS B SWASTA RAWAT JALAN,,,,,64,H-3-10-0,PROSEDUR LASER SEDANG PADA MATA,891.100
144,50.0,109.4,452.8,784.8,-144- TARIF INA-CBG REGIONAL 1 RUMAH SAKIT KELAS B SWASTA RAWAT JALAN,,,,,65,H-3-11-0,PROSEDUR KECIL PADA EKTRAOKULER,377.200
144,50.0,109.4,452.8,784.8,-144- TARIF INA-CBG REGIONAL 1 RUMAH SAKIT KELAS B SWASTA RAWAT JALAN,,,,,6,H-3-12-0,PROSEDUR LAIN-LAIN PADA MATA,252.300
144,50.0,109.4,452.8,784.8,-144- TARIF INA-CBG REGIONAL 1 RUMAH SAKIT KELAS B SWASTA RAWAT JALAN,,,,,67,H-3-13-0,PROSEDUR DIAGNOSTIK & IMAGING PADA MATA,310.800
144,50.0,109.4,452.8,784.8,-144- TARIF INA-CBG REGIONAL 1 RUMAH SAKIT KELAS B SWASTA RAWAT JALAN,,,,,68,I-2-11-0,PEMASANGAN/PENYISIPAN DEFIBRILATOR JANTUNG & SISTEM BANTU JANTUNG,4.263.000
144,50.0,109.4,452.8,784.8,-144- TARIF INA-CBG REGIONAL 1 RUMAH SAKIT KELAS B SWASTA RAWAT JALAN,,,,,69,I-2-12-0,PROSEDUR BESAR PADA PEMBULUH DARAH TORASIK,2.451.000
144,50.0,109.4,452.8,784.8,-144- TARIF INA-CBG REGIONAL 1 RUMAH SAKIT KELAS B SWASTA RAWAT JALAN,,,,,70,I-2-13-0,PROSEDUR BESAR PADA PEMBULUH DARAH ABDOMEN,2.382.900
144,50.0,109.4,452.8,784.8,-144- TARIF INA-CBG REGIONAL 1 RUMAH SAKIT KELAS B SWASTA RAWAT JALAN,,,,,71,I-2-14-0,PROSEDUR PEMASANGAN/PENYISIPAN ALAT PACU PERMANEN PADA JANTUNG,6.362.000
144,50.0,109.4,452.8,784.8,-144- TARIF INA-CBG REGIONAL 1 RUMAH SAKIT KELAS B SWASTA RAWAT JALAN,,,,,72,I-2-15-0,PROSEDUR KATETERISASI JANTUNG,5.646.800
144,50.0,109.4,452.8,784.8,-144- TARIF INA-CBG REGIONAL 1 RUMAH SAKIT KELAS B SWASTA RAWAT JALAN,,,,,73,I-2-16-0,PROSEDUR REVISI DEFIBRILATOR DAN ALAT PACU JANTUNG TIDAK TERMASUK PENGGANTIAN ALAT,3.378.900
144,50.0,109.4,452.8,784.8,-144- TARIF INA-CBG REGIONAL 1 RUMAH SAKIT KELAS B SWASTA RAWAT JALAN,,,,,74,I-2-17-0,PROSEDUR LIGASI DAN STRIPPING PEMBULUH DARAH VENA,1.046.000
144,50.0,109.4,452.8,784.8,-144- TARIF INA-CBG REGIONAL 1 RUMAH SAKIT KELAS B SWASTA RAWAT JALAN,,,,,75,I-2-21-0,ANGIOGRAFI ARTERI BUKAN JANTUNG,2.964.800
144,50.0,109.4,452.8,784.8,-144- TARIF INA-CBG REGIONAL 1 RUMAH SAKIT KELAS B SWASTA RAWAT JALAN,,,,,76,I-2-22-0,PROSEDUR SEDANG PADA PEMBULUH DARAH,2.229.900
144,50.0,109.4,452.8,784.8,-144- TARIF INA-CBG REGIONAL 1 RUMAH SAKIT KELAS B SWASTA RAWAT JALAN,,,,,7,I-2-23-0,PROSEDUR KECIL PADA PEMBULUH DARAH,678.800
144,50.0,109.4,452.8,784.8,-144- TARIF INA-CBG REGIONAL 1 RUMAH SAKIT KELAS B SWASTA RAWAT JALAN,,,,,78,I-2-31-0,PEMASANGAN ATAU PENGGANTIAN ALAT DEFIBRILATOR JANTUNG,6.714.800
144,50.0,109.4,452.8,784.8,-144- TARIF INA-CBG REGIONAL 1 RUMAH SAKIT KELAS B SWASTA RAWAT JALAN,,,,,79,I-2-32-0,PEMASANGAN ATAU PENGGANTIAN ALAT PACU JANTUNG,6.078.800
145,50.0,102.5,452.8,786.3,-144- TARIF INA-CBG REGIONAL 1 RUMAH SAKIT KELAS B SWASTA RAWAT JALAN,,,,,80,I-2-41-0,PROSEDUR ELEKTROFISIOLOGIK,4.075.800
145,50.0,102.5,452.8,786.3,-144- TARIF INA-CBG REGIONAL 1 RUMAH SAKIT KELAS B SWASTA RAWAT JALAN,,,,,81,I-2-42-0,PROSEDUR ANGIOPLASTI PEMBULUH DARAH KORONER DAN KARDIOVASKULAR PERKUTAN LAIN,3.885.600
145,50.0,102.5,452.8,786.3,-144- TARIF INA-CBG REGIONAL 1 RUMAH SAKIT KELAS B SWASTA RAWAT JALAN,,,,,82,I-3-10-0,PROSEDUR RESUSITASI,979.500
145,50.0,102.5,452.8,786.3,-144- TARIF INA-CBG REGIONAL 1 RUMAH SAKIT KELAS B SWASTA RAWAT JALAN,,,,,83,I-3-11-0,PROSEDUR KARDIOVERSI,888.600
145,50.0,102.5,452.8,786.3,-144- TARIF INA-CBG REGIONAL 1 RUMAH SAKIT KELAS B SWASTA RAWAT JALAN,,,,,84,I-3-12-0,PROSEDUR KECIL LAIN-LAIN PADA JANTUNG,1.223.200
145,50.0,102.5,452.8,786.3,-144- TARIF INA-CBG REGIONAL 1 RUMAH SAKIT KELAS B SWASTA RAWAT JALAN,,,,,85,I-3-13-0,PROSEDUR EKOKARDIOGRAFI,465.600
145,50.0,102.5,452.8,786.3,-144- TARIF INA-CBG REGIONAL 1 RUMAH SAKIT KELAS B SWASTA RAWAT JALAN,,,,,86,I-3-14-0,PROSEDUR STRESS TESTING,429.000
145,50.0,102.5,452.8,786.3,-144- TARIF INA-CBG REGIONAL 1 RUMAH SAKIT KELAS B SWASTA RAWAT JALAN,,,,,87,I-3-15-0,PROSEDUR PENGAWASAN FUNGSI KARDIOVASKULAR,329.200
145,50.0,102.5,452.8,786.3,-144- TARIF INA-CBG REGIONAL 1 RUMAH SAKIT KELAS B SWASTA RAWAT JALAN,,,,,8,J-2-10-0,PROSEDUR BESAR PADA SISTEM SALURAN PERNAFASAN,2.323.300
145,50.0,102.5,452.8,786.3,-144- TARIF INA-CBG REGIONAL 1 RUMAH SAKIT KELAS B SWASTA RAWAT JALAN,,,,,89,J-2-21-0,PROSEDUR VENTILASI MEKANIKAL JANGKA PENDEK,2.191.700
145,50.0,102.5,452.8,786.3,-144- TARIF INA-CBG REGIONAL 1 RUMAH SAKIT KELAS B SWASTA RAWAT JALAN,,,,,90,J-2-22-0,PROSEDUR PADA LARING DAN TRAKEA,1.348.100
145,50.0,102.5,452.8,786.3,-144- TARIF INA-CBG REGIONAL 1 RUMAH SAKIT KELAS B SWASTA RAWAT JALAN,,,,,91,J-2-31-0,PROSEDUR THORAKOSKOPI/MEDIASTINOSKOPI,1.931.400
145,50.0,102.5,452.8,786.3,-144- TARIF INA-CBG REGIONAL 1 RUMAH SAKIT KELAS B SWASTA RAWAT JALAN,,,,,92,J-2-32-0,PROSEDUR DADA INTERMEDIATE,1.103.100
145,50.0,102.5,452.8,786.3,-144- TARIF INA-CBG REGIONAL 1 RUMAH SAKIT KELAS B SWASTA RAWAT JALAN,,,,,93,J-3-10-0,PROSEDUR PADA DINDING DADA,823.000
145,50.0,102.5,452.8,786.3,-144- TARIF INA-CBG REGIONAL 1 RUMAH SAKIT KELAS B SWASTA RAWAT JALAN,,,,,94,J-3-11-0,PROSEDUR PEMASANGAN/PENYISIPAN TUBE PADA DADA,1.017.900
145,50.0,102.5,452.8,786.3,-144- TARIF INA-CBG REGIONAL 1 RUMAH SAKIT KELAS B SWASTA RAWAT JALAN,,,,,95,J-3-12-0,PROSEDUR THORACENTESIS,700.800
145,50.0,102.5,452.8,786.3,-144- TARIF INA-CBG REGIONAL 1 RUMAH SAKIT KELAS B SWASTA RAWAT JALAN,,,,,96,J-3-13-0,PROSEDUR TERAPI SALURAN PERNAFASAN,352.800
145,50.0,102.5,452.8,786.3,-144- TARIF INA-CBG REGIONAL 1 RUMAH SAKIT KELAS B SWASTA RAWAT JALAN,,,,,97,J-3-14-0,PROSEDUR BIOPSI PERKUTAN DAN ASPIRASI,709.700
145,50.0,102.5,452.8,786.3,-144- TARIF INA-CBG REGIONAL 1 RUMAH SAKIT KELAS B SWASTA RAWAT JALAN,,,,,98,J-3-15-0,PROSEDUR BRONKOSKOPI,474.200
145,50.0,102.5,452.8,786.3,-144- TARIF INA-CBG REGIONAL 1 RUMAH SAKIT KELAS B SWASTA RAWAT JALAN,,,,,9,J-3-16-0,PROSEDUR UJI FUNGSI PARU,579.700
145,50.0,102.5,452.8,786.3,-144- TARIF INA-CBG REGIONAL 1 RUMAH SAKIT KELAS B SWASTA RAWAT JALAN,,,,,100,J-3-17-0,PROSEDUR LAIN-LAIN PADA SISTEM SALURAN PERNAFASAN,345.700
145,50.0,102.5,452.8,786.3,-144- TARIF INA-CBG REGIONAL 1 RUMAH SAKIT KELAS B SWASTA RAWAT JALAN,,,,,101,K-2-10-0,PROSEDUR KECIL PADA USUS BESAR DAN KECIL,989.100
145,50.0,102.5,452.8,786.3,-144- TARIF INA-CBG REGIONAL 1 RUMAH SAKIT KELAS B SWASTA RAWAT JALAN,,,,,102,K-2-11-0,PROSEDUR ADHESIOLYSIS PADA PERITONEUM,1.866.900
145,50.0,102.5,452.8,786.3,-144- TARIF INA-CBG REGIONAL 1 RUMAH SAKIT KELAS B SWASTA RAWAT JALAN,,,,,103,K-2-12-0,PROSEDUR PADA HERNIA TIDAK TERMASUK HERNIA INGUINALIS DAN FEMORALIS,1.169.900
145,50.0,102.5,452.8,786.3,-144- TARIF INA-CBG REGIONAL 1 RUMAH SAKIT KELAS B SWASTA RAWAT JALAN,,,,,104,K-2-13-0,PROSEDUR PADA USUS BUNTU,2.881.200
145,50.0,102.5,452.8,786.3,-144- TARIF INA-CBG REGIONAL 1 RUMAH SAKIT KELAS B SWASTA RAWAT JALAN,,,,,105,K-2-14-0,PROSEDUR PADA HERNIA INGUINALIS DAN FEMORALIS,601.100
145,50.0,102.5,452.8,786.3,-144- TARIF INA-CBG REGIONAL 1 RUMAH SAKIT KELAS B SWASTA RAWAT JALAN,,,,,106,K-2-21-0,PROSEDUR BESAR PADA USUS HALUS DAN USUS BESAR,754.600
145,50.0,102.5,452.8,786.3,-144- TARIF INA-CBG REGIONAL 1 RUMAH SAKIT KELAS B SWASTA RAWAT JALAN,,,,,107,K-2-22-0,PROSEDUR BESAR PADA GASTROINTESTINAL ATAS,3.335.600
145,50.0,102.5,452.8,786.3,-144- TARIF INA-CBG REGIONAL 1 RUMAH SAKIT KELAS B SWASTA RAWAT JALAN,,,,,108,K-2-31-0,PROSEDUR SEDANG PADA GASTROINTESTINAL ATAS,1.495.300
145,50.0,102.5,452.8,786.3,-144- TARIF INA-CBG REGIONAL 1 RUMAH SAKIT KELAS B SWASTA RAWAT JALAN,,,,,109,K-2-32-0,PROSEDUR LAIN-LAIN PADA GASTROINTESTINAL ATAS,641.600
145,50.0,102.5,452.8,786.3,-144- TARIF INA-CBG REGIONAL 1 RUMAH SAKIT KELAS B SWASTA RAWAT JALAN,,,,,110,K-2-41-0,PROSEDUR LAPAROSKOPI,1.887.100
145,50.0,102.5,452.8,786.3,-144- TARIF INA-CBG REGIONAL 1 RUMAH SAKIT KELAS B SWASTA RAWAT JALAN,,,,,111,K-2-42-0,PROSEDUR LAPAROTOMI & GASTROINTESTINAL LAINNYA,3.331.400
145,50.0,102.5,452.8,786.3,-144- TARIF INA-CBG REGIONAL 1 RUMAH SAKIT KELAS B SWASTA RAWAT JALAN,,,,,112,K-2-51-0,PROSEDUR UNTUK WASIR,808.000
145,50.0,102.5,452.8,786.3,-144- TARIF INA-CBG REGIONAL 1 RUMAH SAKIT KELAS B SWASTA RAWAT JALAN,,,,,113,K-2-52-0,PROSEDUR SEDANG PADA ANUS & REKTUM,1.023.700
145,50.0,102.5,452.8,786.3,-144- TARIF INA-CBG REGIONAL 1 RUMAH SAKIT KELAS B SWASTA RAWAT JALAN,,,,,114,K-2-53-0,PROSEDUR KECIL PADA ANUS & REKTUM,395.400
145,50.0,102.5,452.8,786.3,-144- TARIF INA-CBG REGIONAL 1 RUMAH SAKIT KELAS B SWASTA RAWAT JALAN,,,,,115,K-3-10-0,PROSEDUR KECIL LAIN-LAIN PADA GASTROINTESTINAL,325.500
145,50.0,102.5,452.8,786.3,-144- TARIF INA-CBG REGIONAL 1 RUMAH SAKIT KELAS B SWASTA RAWAT JALAN,,,,,116,K-3-11-0,PROSEDUR KECIL PADA ANUS & REKTUM,417.600
145,50.0,102.5,452.8,786.3,-144- TARIF INA-CBG REGIONAL 1 RUMAH SAKIT KELAS B SWASTA RAWAT JALAN,,,,,117,K-3-12-0,PROSEDUR SIGMOIDOSKOPI DAN ANOSKOPI,754.500
145,50.0,102.5,452.8,786.3,-144- TARIF INA-CBG REGIONAL 1 RUMAH SAKIT KELAS B SWASTA RAWAT JALAN,,,,,118,K-3-13-0,PROSEDUR KOLONOSKOPI,2.161.000
145,50.0,102.5,452.8,786.3,-144- TARIF INA-CBG REGIONAL 1 RUMAH SAKIT KELAS B SWASTA RAWAT JALAN,,,,,119,K-3-14-0,PROSEDUR ENDOSKOPI BESAR PADA GASTROINTESTINAL ATAS,1.762.000
145,50.0,102.5,452.8,786.3,-144- TARIF INA-CBG REGIONAL 1 RUMAH SAKIT KELAS B SWASTA RAWAT JALAN,,,,,120,K-3-15-0,PROSEDUR ENDOSKOPI KECIL PADA GASTROINTESTINAL ATAS,1.485.600
145,50.0,102.5,452.8,786.3,-144- TARIF INA-CBG REGIONAL 1 RUMAH SAKIT KELAS B SWASTA RAWAT JALAN,,,,,121,K-3-16-0,PROSEDUR LAIN-LAIN PADA GASTROINTESTINAL,510.800
145,50.0,102.5,452.8,786.3,-144- TARIF INA-CBG REGIONAL 1 RUMAH SAKIT KELAS B SWASTA RAWAT JALAN,,,,,122,K-5-18-0,PENYAKIT SISTEM PENCERNAAN LAIN-LAIN,270.400
145,50.0,102.5,452.8,786.3,-144- TARIF INA-CBG REGIONAL 1 RUMAH SAKIT KELAS B SWASTA RAWAT JALAN,,,,,123,L-2-21-0,PROSEDUR BESAR PEMINDAHAN KULIT PADA LUKA BAKAR,1.724.600
145,50.0,102.5,452.8,786.3,-144- TARIF INA-CBG REGIONAL 1 RUMAH SAKIT KELAS B SWASTA RAWAT JALAN,,,,,124,L-2-22-0,PROSEDUR KECIL PEMINDAHAN KULIT PADA LUKA BAKAR,1.105.500
145,50.0,102.5,452.8,786.3,-144- TARIF INA-CBG REGIONAL 1 RUMAH SAKIT KELAS B SWASTA RAWAT JALAN,,,,,125,L-2-31-0,PROSEDUR BESAR PEMINDAHAN KULIT TANPA LUKA BAKAR,908.600
145,50.0,102.5,452.8,786.3,-144- TARIF INA-CBG REGIONAL 1 RUMAH SAKIT KELAS B SWASTA RAWAT JALAN,,,,,126,L-2-32-0,PROSEDUR KECIL PEMINDAHAN KULIT TANPA LUKA BAKAR,746.900
145,50.0,102.5,452.8,786.3,-144- TARIF INA-CBG REGIONAL 1 RUMAH SAKIT KELAS B SWASTA RAWAT JALAN,,,,,127,L-2-41-0,PROSEDUR BEDAH PLASTIK,1.494.800
145,50.0,102.5,452.8,786.3,-144- TARIF INA-CBG REGIONAL 1 RUMAH SAKIT KELAS B SWASTA RAWAT JALAN,,,,,128,L-2-42-0,PROSEDUR LAIN-LAIN PADA KULIT DAN JARINGAN BAWAH KULIT,548.400
145,50.0,102.5,452.8,786.3,-144- TARIF INA-CBG REGIONAL 1 RUMAH SAKIT KELAS B SWASTA RAWAT JALAN,,,,,129,L-2-51-0,PROSEDUR PENGANGKATAN PAYUDARA,2.313.900
145,50.0,102.5,452.8,786.3,-144- TARIF INA-CBG REGIONAL 1 RUMAH SAKIT KELAS B SWASTA RAWAT JALAN,,,,,130,L-2-52-0,PROSEDUR BESAR PADA PAYUDARA TANPA PENGANGKATAN PAYUDARA,1.538.000
145,50.0,102.5,452.8,786.3,-144- TARIF INA-CBG REGIONAL 1 RUMAH SAKIT KELAS B SWASTA RAWAT JALAN,,,,,131,L-2-53-0,PROSEDUR KECIL PADA PAYUDARA TANPA PENGANGKATAN PAYUDARA,938.700
145,50.0,102.5,452.8,786.3,-144- TARIF INA-CBG REGIONAL 1 RUMAH SAKIT KELAS B SWASTA RAWAT JALAN,,,,,132,L-3-10-0,PROSEDUR KECIL LAIN-LAIN PADA PAYUDARA,616.200
145,50.0,102.5,452.8,786.3,-144- TARIF INA-CBG REGIONAL 1 RUMAH SAKIT KELAS B SWASTA RAWAT JALAN,,,,,133,L-3-11-0,PROSEDUR BESAR PADA KULIT,428.000
145,50.0,102.5,452.8,786.3,-144- TARIF INA-CBG REGIONAL 1 RUMAH SAKIT KELAS B SWASTA RAWAT JALAN,,,,,134,L-3-12-0,PROSEDUR KECIL PADA KULIT,309.600
145,50.0,102.5,452.8,786.3,-144- TARIF INA-CBG REGIONAL 1 RUMAH SAKIT KELAS B SWASTA RAWAT JALAN,,,,,135,M-2-10-0,PROSEDUR REKONTRUKSI TULANG KRANIAL DAN WAJAH,1.680.900
145,50.0,102.5,452.8,786.3,-144- TARIF INA-CBG REGIONAL 1 RUMAH SAKIT KELAS B SWASTA RAWAT JALAN,,,,,136,M-2-21-0,PROSEDUR BESAR PADA SENDI PANGGUL DAN PAHA,1.877.700
145,50.0,102.5,452.8,786.3,-144- TARIF INA-CBG REGIONAL 1 RUMAH SAKIT KELAS B SWASTA RAWAT JALAN,,,,,137,M-2-22-0,PROSEDUR KECIL PADA SENDI PANGGUL DAN PAHA,446.300
145,50.0,102.5,452.8,786.3,-144- TARIF INA-CBG REGIONAL 1 RUMAH SAKIT KELAS B SWASTA RAWAT JALAN,,,,,138,M-2-31-0,PROSEDUR BUNION,988.500
145,50.0,102.5,452.8,786.3,-144- TARIF INA-CBG REGIONAL 1 RUMAH SAKIT KELAS B SWASTA RAWAT JALAN,,,,,139,M-2-32-0,PROSEDUR LAIN-LAIN PADA KAKI,501.000
145,50.0,102.5,452.8,786.3,-144- TARIF INA-CBG REGIONAL 1 RUMAH SAKIT KELAS B SWASTA RAWAT JALAN,,,,,140,M-2-41-0,"PROSEDUR EKSISI, INSISI DAN ARTHROTOMI TULANG",656.100
145,50.0,102.5,452.8,786.3,-144- TARIF INA-CBG REGIONAL 1 RUMAH SAKIT KELAS B SWASTA RAWAT JALAN,,,,,141,M-2-42-0,PROSEDUR PEMINDAHAN ALAT IMPLAN,493.100
145,50.0,102.5,452.8,786.3,-144- TARIF INA-CBG REGIONAL 1 RUMAH SAKIT KELAS B SWASTA RAWAT JALAN,,,,,142,M-2-51-0,PROSEDUR BESAR PADA JARINGAN LUNAK,871.100
145,50.0,102.5,452.8,786.3,-144- TARIF INA-CBG REGIONAL 1 RUMAH SAKIT KELAS B SWASTA RAWAT JALAN,,,,,143,M-2-52-0,PROSEDUR KECIL PADA JARINGAN LUNAK,814.800
145,50.0,102.5,452.8,786.3,-144- TARIF INA-CBG REGIONAL 1 RUMAH SAKIT KELAS B SWASTA RAWAT JALAN,,,,,144,M-2-61-0,PROSEDUR ARTROSKOPI,1.391.900
145,50.0,102.5,452.8,786.3,-144- TARIF INA-CBG REGIONAL 1 RUMAH SAKIT KELAS B SWASTA RAWAT JALAN,,,,,145,M-2-62-0,PROSEDUR LAIN-LAIN PADA SENDI & TULANG,486.300
145,50.0,102.5,452.8,786.3,-144- TARIF INA-CBG REGIONAL 1 RUMAH SAKIT KELAS B SWASTA RAWAT JALAN,,,,,146,M-2-63-0,"PROSEDUR INSISI, BIOPSI DAN GRAFT PADA TULANG",1.262.800
145,50.0,102.5,452.8,786.3,-144- TARIF INA-CBG REGIONAL 1 RUMAH SAKIT KELAS B SWASTA RAWAT JALAN,,,,,147,M-2-64-0,PROSEDUR BESAR PADA TULANG KEPALA & WAJAH,1.702.900
145,50.0,102.5,452.8,786.3,-144- TARIF INA-CBG REGIONAL 1 RUMAH SAKIT KELAS B SWASTA RAWAT JALAN,,,,,148,M-2-65-0,PROSEDUR KECIL PADA TULANG KEPALA & WAJAH,367.400
145,50.0,102.5,452.8,786.3,-144- TARIF INA-CBG REGIONAL 1 RUMAH SAKIT KELAS B SWASTA RAWAT JALAN,,,,,149,M-2-71-0,PROSEDUR BESAR PADA LUTUT & TUNGKAI BAWAH,1.813.000
145,50.0,102.5,452.8,786.3,-144- TARIF INA-CBG REGIONAL 1 RUMAH SAKIT KELAS B SWASTA RAWAT JALAN,,,,,150,M-2-72-0,PROSEDUR KECIL PADA LUTUT & TUNGKAI BAWAH,983.900
145,50.0,102.5,452.8,786.3,-144- TARIF INA-CBG REGIONAL 1 RUMAH SAKIT KELAS B SWASTA RAWAT JALAN,,,,,151,M-2-81-0,"PROSEDUR BESAR PADA LENGAN, SIKU & BAHU",2.146.100
145,50.0,102.5,452.8,786.3,-144- TARIF INA-CBG REGIONAL 1 RUMAH SAKIT KELAS B SWASTA RAWAT JALAN,,,,,152,M-2-82-0,"PROSEDUR KECIL PADA LENGAN, SIKU & BAHU",1.076.500
145,50.0,102.5,452.8,786.3,-144- TARIF INA-CBG REGIONAL 1 RUMAH SAKIT KELAS B SWASTA RAWAT JALAN,,,,,153,M-2-83-0,PROSEDUR BESAR PADA TANGAN & PERGELANGAN TANGAN,1.001.000
145,50.0,102.5,452.8,786.3,-144- TARIF INA-CBG REGIONAL 1 RUMAH SAKIT KELAS B SWASTA RAWAT JALAN,,,,,154,M-2-84-0,PROSEDUR KECIL PADA TANGAN & PERGELANGAN TANGAN,619.200
145,50.0,102.5,452.8,786.3,-144- TARIF INA-CBG REGIONAL 1 RUMAH SAKIT KELAS B SWASTA RAWAT JALAN,,,,,155,M-3-10-0,PROSEDUR MANIPULATIVE OSTEOPATHIC,133.100
145,50.0,102.5,452.8,786.3,-144- TARIF INA-CBG REGIONAL 1 RUMAH SAKIT KELAS B SWASTA RAWAT JALAN,,,,,156,M-3-11-0,PROSEDUR DIAGNOSTIK DAN TERAPEUTIK MUSKULOSKELETAL,463.400
145,50.0,102.5,452.8,786.3,-144- TARIF INA-CBG REGIONAL 1 RUMAH SAKIT KELAS B SWASTA RAWAT JALAN,,,,,157,M-3-12-0,PROSEDUR BIOPSI SENDI DAN TRAKSI SKELETAL,971.000
145,50.0,102.5,452.8,786.3,-144- TARIF INA-CBG REGIONAL 1 RUMAH SAKIT KELAS B SWASTA RAWAT JALAN,,,,,158,M-3-13-0,PROSEDUR REDUKSI FRAKTUR TERTUTUP,644.200
145,50.0,102.5,452.8,786.3,-144- TARIF INA-CBG REGIONAL 1 RUMAH SAKIT KELAS B SWASTA RAWAT JALAN,,,,,159,M-3-14-0,PROSEDUR REDUKSI FRAKTUR WAJAH TERTUTUP,571.000
146,50.0,102.5,452.8,786.3,-144- TARIF INA-CBG REGIONAL 1 RUMAH SAKIT KELAS B SWASTA RAWAT JALAN,,,,,160,M-3-15-0,PROSEDUR APLIKASI CASTS DAN SPLINTS,431.800
146,50.0,102.5,452.8,786.3,-144- TARIF INA-CBG REGIONAL 1 RUMAH SAKIT KELAS B SWASTA RAWAT JALAN,,,,,161,M-3-16-0,PROSEDUR THERAPI FISIK DAN PROSEDUR KECIL MUSKULOSKLETAL,138.000
146,50.0,102.5,452.8,786.3,-144- TARIF INA-CBG REGIONAL 1 RUMAH SAKIT KELAS B SWASTA RAWAT JALAN,,,,,162,M-3-17-0,PROSEDUR PEMASANGAN ALAT PROSTETIK,319.100
146,50.0,102.5,452.8,786.3,-144- TARIF INA-CBG REGIONAL 1 RUMAH SAKIT KELAS B SWASTA RAWAT JALAN,,,,,163,N-2-11-0,PROSEDUR BESAR PADA KANDUNG KEMIH,4.800.700
146,50.0,102.5,452.8,786.3,-144- TARIF INA-CBG REGIONAL 1 RUMAH SAKIT KELAS B SWASTA RAWAT JALAN,,,,,164,N-2-12-0,"PROSEDUR MEMBUAT BARU, MEREVISI DAN MEMINDAHKAN ALAT DIALISIS",3.516.300
146,50.0,102.5,452.8,786.3,-144- TARIF INA-CBG REGIONAL 1 RUMAH SAKIT KELAS B SWASTA RAWAT JALAN,,,,,165,N-2-21-0,EXTRACORPOREAL SHOCKWAVE LITHOTRIPSY (ESWL) PADA SALURAN KEMIH,4.586.800
146,50.0,102.5,452.8,786.3,-144- TARIF INA-CBG REGIONAL 1 RUMAH SAKIT KELAS B SWASTA RAWAT JALAN,,,,,166,N-2-22-0,PROSEDUR BESAR PADA GINJAL DAN URETER,2.146.900
146,50.0,102.5,452.8,786.3,-144- TARIF INA-CBG REGIONAL 1 RUMAH SAKIT KELAS B SWASTA RAWAT JALAN,,,,,167,N-2-23-0,PROSEDUR SEDANG PADA GINJAL DAN URETER,1.464.400
146,50.0,102.5,452.8,786.3,-144- TARIF INA-CBG REGIONAL 1 RUMAH SAKIT KELAS B SWASTA RAWAT JALAN,,,,,168,N-2-24-0,PROSEDUR KECIL PADA GINJAL DAN URETER,1.035.700
146,50.0,102.5,452.8,786.3,-144- TARIF INA-CBG REGIONAL 1 RUMAH SAKIT KELAS B SWASTA RAWAT JALAN,,,,,169,N-2-31-0,PROSEDUR BESAR PADA KANDUNG KEMIH DAN URETHRA,1.232.600
146,50.0,102.5,452.8,786.3,-144- TARIF INA-CBG REGIONAL 1 RUMAH SAKIT KELAS B SWASTA RAWAT JALAN,,,,,170,N-2-32-0,PROSEDUR KECIL PADA KANDUNG KEMIH DAN URETHRA,736.400
146,50.0,102.5,452.8,786.3,-144- TARIF INA-CBG REGIONAL 1 RUMAH SAKIT KELAS B SWASTA RAWAT JALAN,,,,,171,N-2-41-0,PROSEDUR BESAR PADA URETHRA DAN TRANSURETHRA,1.456.100
146,50.0,102.5,452.8,786.3,-144- TARIF INA-CBG REGIONAL 1 RUMAH SAKIT KELAS B SWASTA RAWAT JALAN,,,,,172,N-2-42-0,PROSEDUR KECIL PADA URETHRA DAN TRANSURETHRA,864.600
146,50.0,102.5,452.8,786.3,-144- TARIF INA-CBG REGIONAL 1 RUMAH SAKIT KELAS B SWASTA RAWAT JALAN,,,,,173,N-3-10-0,PROSEDUR PADA GINJAL DAN URETER,394.800
146,50.0,102.5,452.8,786.3,-144- TARIF INA-CBG REGIONAL 1 RUMAH SAKIT KELAS B SWASTA RAWAT JALAN,,,,,174,N-3-11-0,PROSEDUR DIAGNOSTIK LAIN PADA STUDI SALURAN KEMIH,541.700
146,50.0,102.5,452.8,786.3,-144- TARIF INA-CBG REGIONAL 1 RUMAH SAKIT KELAS B SWASTA RAWAT JALAN,,,,,175,N-3-12-0,PROSEDUR CYSTOSCOPI & PROSEDUR KECIL ENDOSKOPI SALURAN KEMIH,1.031.300
146,50.0,102.5,452.8,786.3,-144- TARIF INA-CBG REGIONAL 1 RUMAH SAKIT KELAS B SWASTA RAWAT JALAN,,,,,176,N-3-13-0,PROSEDUR BESAR ENDOSKOPI PADA SALURAN KEMIH,1.124.400
146,50.0,102.5,452.8,786.3,-144- TARIF INA-CBG REGIONAL 1 RUMAH SAKIT KELAS B SWASTA RAWAT JALAN,,,,,177,N-3-14-0,PROSEDUR KECIL ENDOSKOPI PADA SALURAN KEMIH,398.500
146,50.0,102.5,452.8,786.3,-144- TARIF INA-CBG REGIONAL 1 RUMAH SAKIT KELAS B SWASTA RAWAT JALAN,,,,,178,N-3-15-0,PROSEDUR DIALISIS,941.600
146,50.0,102.5,452.8,786.3,-144- TARIF INA-CBG REGIONAL 1 RUMAH SAKIT KELAS B SWASTA RAWAT JALAN,,,,,179,O-7-10-0,PROSEDUR PERSALINAN DENGAN BEDAH CAESAR,2.406.200
146,50.0,102.5,452.8,786.3,-144- TARIF INA-CBG REGIONAL 1 RUMAH SAKIT KELAS B SWASTA RAWAT JALAN,,,,,180,O-7-11-0,PERSALINAN VAGINAL DENGAN STERILISASI DAN ATAU PELEBARAN DAN KURETASE,2.156.200
146,50.0,102.5,452.8,786.3,-144- TARIF INA-CBG REGIONAL 1 RUMAH SAKIT KELAS B SWASTA RAWAT JALAN,,,,,181,O-7-12-0,PROSEDUR PERSALINAN VAGINAL DENGAN PROSEDUR SELAIN STERILISASI DAN ATAU PELEBARAN DAN KURETASE,1.905.400
146,50.0,102.5,452.8,786.3,-144- TARIF INA-CBG REGIONAL 1 RUMAH SAKIT KELAS B SWASTA RAWAT JALAN,,,,,182,O-7-13-0,PROSEDUR PERSALINAN MELALUI VAGINAL/JALAN LAHIR,1.445.800
146,50.0,102.5,452.8,786.3,-144- TARIF INA-CBG REGIONAL 1 RUMAH SAKIT KELAS B SWASTA RAWAT JALAN,,,,,183,P-9-11-0,"NEONATAL, BBL GROUP-2",465.700
146,50.0,102.5,452.8,786.3,-144- TARIF INA-CBG REGIONAL 1 RUMAH SAKIT KELAS B SWASTA RAWAT JALAN,,,,,184,P-9-12-0,"NEONATAL, BBL GROUP-3",451.400
146,50.0,102.5,452.8,786.3,-144- TARIF INA-CBG REGIONAL 1 RUMAH SAKIT KELAS B SWASTA RAWAT JALAN,,,,,185,P-9-13-0,"NEONATAL, BBL GROUP-4",362.500
146,50.0,102.5,452.8,786.3,-144- TARIF INA-CBG REGIONAL 1 RUMAH SAKIT KELAS B SWASTA RAWAT JALAN,,,,,186,P-9-14-0,"NEONATAL, BBL GROUP-5 DENGAN ANOMALI MAYOR ATAU KONDISI HEREDITER",314.800
146,50.0,102.5,452.8,786.3,-144- TARIF INA-CBG REGIONAL 1 RUMAH SAKIT KELAS B SWASTA RAWAT JALAN,,,,,187,P-9-15-0,"NEONATAL, BBL GROUP-5 DENGAN SINDROM ASPIRASI",264.700
146,50.0,102.5,452.8,786.3,-144- TARIF INA-CBG REGIONAL 1 RUMAH SAKIT KELAS B SWASTA RAWAT JALAN,,,,,188,P-9-16-0,"NEONATAL, BBL GROUP-5 DENGAN KONGENITAL/INFEKSI PERINATAL",298.500
146,50.0,102.5,452.8,786.3,-144- TARIF INA-CBG REGIONAL 1 RUMAH SAKIT KELAS B SWASTA RAWAT JALAN,,,,,189,P-9-17-0,"NEONATAL, BBL GROUP-5",312.100
146,50.0,102.5,452.8,786.3,-144- TARIF INA-CBG REGIONAL 1 RUMAH SAKIT KELAS B SWASTA RAWAT JALAN,,,,,190,Q-5-10-0,PENYALAHGUNAAN ZAT KIMIA AKUT,337.600
146,50.0,102.5,452.8,786.3,-144- TARIF INA-CBG REGIONAL 1 RUMAH SAKIT KELAS B SWASTA RAWAT JALAN,,,,,191,Q-5-11-0,PENYALAHGUNAAN ZAT KIMIA BUKAN AKUT,248.700
146,50.0,102.5,452.8,786.3,-144- TARIF INA-CBG REGIONAL 1 RUMAH SAKIT KELAS B SWASTA RAWAT JALAN,,,,,192,Q-5-12-0,GIGI,257.400
146,50.0,102.5,452.8,786.3,-144- TARIF INA-CBG REGIONAL 1 RUMAH SAKIT KELAS B SWASTA RAWAT JALAN,,,,,193,Q-5-13-0,MEDICAL CHECK-UP,140.800
146,50.0,102.5,452.8,786.3,-144- TARIF INA-CBG REGIONAL 1 RUMAH SAKIT KELAS B SWASTA RAWAT JALAN,,,,,194,Q-5-14-0,RONGENT (PLAIN FILM),184.800
146,50.0,102.5,452.8,786.3,-144- TARIF INA-CBG REGIONAL 1 RUMAH SAKIT KELAS B SWASTA RAWAT JALAN,,,,,195,Q-5-15-0,ELEKTROKARDIOGRAM (ECG),90.800
146,50.0,102.5,452.8,786.3,-144- TARIF INA-CBG REGIONAL 1 RUMAH SAKIT KELAS B SWASTA RAWAT JALAN,,,,,196,Q-5-16-0,VAKSINASI,103.700
146,50.0,102.5,452.8,786.3,-144- TARIF INA-CBG REGIONAL 1 RUMAH SAKIT KELAS B SWASTA RAWAT JALAN,,,,,197,Q-5-17-0,PASANG INFUS,101.700
146,50.0,102.5,452.8,786.3,-144- TARIF INA-CBG REGIONAL 1 RUMAH SAKIT KELAS B SWASTA RAWAT JALAN,,,,,198,Q-5-18-0,KONSULTASI ATAU PEMERIKSAAN LAIN-LAIN,153.600
146,50.0,102.5,452.8,786.3,-144- TARIF INA-CBG REGIONAL 1 RUMAH SAKIT KELAS B SWASTA RAWAT JALAN,,,,,199,Q-5-19-0,KONTAK PELAYANAN KESEHATAN LAIN-LAIN,161.000
146,50.0,102.5,452.8,786.3,-144- TARIF INA-CBG REGIONAL 1 RUMAH SAKIT KELAS B SWASTA RAWAT JALAN,,,,,200,Q-5-20-0,ABORSI MENGANCAM,224.300
146,50.0,102.5,452.8,786.3,-144- TARIF INA-CBG REGIONAL 1 RUMAH SAKIT KELAS B SWASTA RAWAT JALAN,,,,,201,Q-5-21-0,ABORSI,237.900
146,50.0,102.5,452.8,786.3,-144- TARIF INA-CBG REGIONAL 1 RUMAH SAKIT KELAS B SWASTA RAWAT JALAN,,,,,202,Q-5-22-0,PERSALINAN YANG SUKAR (FALSE LABOR),148.700
146,50.0,102.5,452.8,786.3,-144- TARIF INA-CBG REGIONAL 1 RUMAH SAKIT KELAS B SWASTA RAWAT JALAN,,,,,203,Q-5-23-0,PEMERIKSAAN ANTEPARTUM,164.000
146,50.0,102.5,452.8,786.3,-144- TARIF INA-CBG REGIONAL 1 RUMAH SAKIT KELAS B SWASTA RAWAT JALAN,,,,,204,Q-5-24-0,PEMERIKSAAN POSTPARTUM,107.600
146,50.0,102.5,452.8,786.3,-144- TARIF INA-CBG REGIONAL 1 RUMAH SAKIT KELAS B SWASTA RAWAT JALAN,,,,,205,Q-5-25-0,GASTROINTESTINAL AKUT,170.900
146,50.0,102.5,452.8,786.3,-144- TARIF INA-CBG REGIONAL 1 RUMAH SAKIT KELAS B SWASTA RAWAT JALAN,,,,,206,Q-5-26-0,BRONKIAL AKUT,224.600
146,50.0,102.5,452.8,786.3,-144- TARIF INA-CBG REGIONAL 1 RUMAH SAKIT KELAS B SWASTA RAWAT JALAN,,,,,207,Q-5-27-0,SISTEM PERSARAFAN PUSAT AKUT,168.700
146,50.0,102.5,452.8,786.3,-144- TARIF INA-CBG REGIONAL 1 RUMAH SAKIT KELAS B SWASTA RAWAT JALAN,,,,,208,Q-5-28-0,KECEDERAAN SISTEM PERSARAFAN PUSAT,235.300
146,50.0,102.5,452.8,786.3,-144- TARIF INA-CBG REGIONAL 1 RUMAH SAKIT KELAS B SWASTA RAWAT JALAN,,,,,209,Q-5-29-0,GAGAL JANTUNG KONGESTIF DAN KONDISI JANTUNG LAIN-LAIN,553.000
146,50.0,102.5,452.8,786.3,-144- TARIF INA-CBG REGIONAL 1 RUMAH SAKIT KELAS B SWASTA RAWAT JALAN,,,,,210,Q-5-30-0,INFARK MIOKARD AKUT DAN ARITMIA,641.100
146,50.0,102.5,452.8,786.3,-144- TARIF INA-CBG REGIONAL 1 RUMAH SAKIT KELAS B SWASTA RAWAT JALAN,,,,,211,Q-5-31-0,FRAKTUR,209.400
146,50.0,102.5,452.8,786.3,-144- TARIF INA-CBG REGIONAL 1 RUMAH SAKIT KELAS B SWASTA RAWAT JALAN,,,,,212,Q-5-32-0,SALURAN KEMIH AKUT,266.100
146,50.0,102.5,452.8,786.3,-144- TARIF INA-CBG REGIONAL 1 RUMAH SAKIT KELAS B SWASTA RAWAT JALAN,,,,,213,Q-5-33-0,HEMATOLOGI AKUT,193.100
146,50.0,102.5,452.8,786.3,-144- TARIF INA-CBG REGIONAL 1 RUMAH SAKIT KELAS B SWASTA RAWAT JALAN,,,,,214,Q-5-34-0,INFEKSI VIRUS HIV,255.500
146,50.0,102.5,452.8,786.3,-144- TARIF INA-CBG REGIONAL 1 RUMAH SAKIT KELAS B SWASTA RAWAT JALAN,,,,,215,Q-5-35-0,INFEKSI AKUT,447.700
146,50.0,102.5,452.8,786.3,-144- TARIF INA-CBG REGIONAL 1 RUMAH SAKIT KELAS B SWASTA RAWAT JALAN,,,,,216,Q-5-36-0,KEKACAUAN METABOLIK AKUT,383.200
146,50.0,102.5,452.8,786.3,-144- TARIF INA-CBG REGIONAL 1 RUMAH SAKIT KELAS B SWASTA RAWAT JALAN,,,,,217,Q-5-37-0,"CARDIAC ARREST, RESPIRATORY ARREST & SHOCK",358.700
146,50.0,102.5,452.8,786.3,-144- TARIF INA-CBG REGIONAL 1 RUMAH SAKIT KELAS B SWASTA RAWAT JALAN,,,,,218,Q-5-38-0,PARU AKUT,286.100
146,50.0,102.5,452.8,786.3,-144- TARIF INA-CBG REGIONAL 1 RUMAH SAKIT KELAS B SWASTA RAWAT JALAN,,,,,219,Q-5-39-0,KECEDERAAN BESAR PADA JARINGAN LUNAK,184.600
146,50.0,102.5,452.8,786.3,-144- TARIF INA-CBG REGIONAL 1 RUMAH SAKIT KELAS B SWASTA RAWAT JALAN,,,,,220,Q-5-40-0,INFEKSI SALURAN KEMIH AKUT,162.200
146,50.0,102.5,452.8,786.3,-144- TARIF INA-CBG REGIONAL 1 RUMAH SAKIT KELAS B SWASTA RAWAT JALAN,,,,,221,Q-5-41-0,PENYAKIT AKUT BESAR LAIN-LAIN,307.200
146,50.0,102.5,452.8,786.3,-144- TARIF INA-CBG REGIONAL 1 RUMAH SAKIT KELAS B SWASTA RAWAT JALAN,,,,,222,Q-5-42-0,PENYAKIT AKUT KECIL LAIN-LAIN,213.900
146,50.0,102.5,452.8,786.3,-144- TARIF INA-CBG REGIONAL 1 RUMAH SAKIT KELAS B SWASTA RAWAT JALAN,,,,,223,Q-5-43-0,PENYAKIT KRONIS BESAR LAIN-LAIN,289.700
146,50.0,102.5,452.8,786.3,-144- TARIF INA-CBG REGIONAL 1 RUMAH SAKIT KELAS B SWASTA RAWAT JALAN,,,,,224,Q-5-44-0,PENYAKIT KRONIS KECIL LAIN-LAIN,205.900
146,50.0,102.5,452.8,786.3,-144- TARIF INA-CBG REGIONAL 1 RUMAH SAKIT KELAS B SWASTA RAWAT JALAN,,,,,225,T-2-10-0,"PEMULIHAN ALKOHOL, OBAT DAN ATAU TERAPI DETOKSIKASI",150.700
146,50.0,102.5,452.8,786.3,-144- TARIF INA-CBG REGIONAL 1 RUMAH SAKIT KELAS B SWASTA RAWAT JALAN,,,,,226,U-2-10-0,PROSEDUR BESAR PADA LARING,2.656.300
146,50.0,102.5,452.8,786.3,-144- TARIF INA-CBG REGIONAL 1 RUMAH SAKIT KELAS B SWASTA RAWAT JALAN,,,,,227,U-2-11-0,PROSEDUR BESAR LAIN-LAIN PADA KEPALA & LEHER,1.987.100
146,50.0,102.5,452.8,786.3,-144- TARIF INA-CBG REGIONAL 1 RUMAH SAKIT KELAS B SWASTA RAWAT JALAN,,,,,228,U-2-12-0,PROSEDUR PADA SINUS & MASTOID,541.900
146,50.0,102.5,452.8,786.3,-144- TARIF INA-CBG REGIONAL 1 RUMAH SAKIT KELAS B SWASTA RAWAT JALAN,,,,,229,U-2-13-0,PROSEDUR KELENJAR LUDAH,726.600
146,50.0,102.5,452.8,786.3,-144- TARIF INA-CBG REGIONAL 1 RUMAH SAKIT KELAS B SWASTA RAWAT JALAN,,,,,230,U-2-14-0,PROSEDUR OPERASI BIBIR SUMBING & LANGIT-LANGIT MULUT,1.504.100
146,50.0,102.5,452.8,786.3,-144- TARIF INA-CBG REGIONAL 1 RUMAH SAKIT KELAS B SWASTA RAWAT JALAN,,,,,231,U-2-15-0,PROSEDUR OPERASI TONSIL & AMANDEL,1.454.600
146,50.0,102.5,452.8,786.3,-144- TARIF INA-CBG REGIONAL 1 RUMAH SAKIT KELAS B SWASTA RAWAT JALAN,,,,,232,U-2-21-0,"PROSEDUR BESAR PADA TELINGA, HIDUNG, MULUT DAN TENGGOROKAN",800.500
146,50.0,102.5,452.8,786.3,-144- TARIF INA-CBG REGIONAL 1 RUMAH SAKIT KELAS B SWASTA RAWAT JALAN,,,,,233,U-2-22-0,"PROSEDUR SEDANG PADA TELINGA, HIDUNG, MULUT DAN TENGGOROKAN",413.500
146,50.0,102.5,452.8,786.3,-144- TARIF INA-CBG REGIONAL 1 RUMAH SAKIT KELAS B SWASTA RAWAT JALAN,,,,,234,U-2-23-0,PROSEDUR PERBAIKAN HIDUNG (RHINOPLASTY),1.288.600
146,50.0,102.5,452.8,786.3,-144- TARIF INA-CBG REGIONAL 1 RUMAH SAKIT KELAS B SWASTA RAWAT JALAN,,,,,235,U-2-24-0,PROSEDUR KECIL PADA HIDUNG,308.300
146,50.0,102.5,452.8,786.3,-144- TARIF INA-CBG REGIONAL 1 RUMAH SAKIT KELAS B SWASTA RAWAT JALAN,,,,,236,U-2-25-0,PROSEDUR PADA TELINGA TENGAH,430.400
146,50.0,102.5,452.8,786.3,-144- TARIF INA-CBG REGIONAL 1 RUMAH SAKIT KELAS B SWASTA RAWAT JALAN,,,,,237,U-2-31-0,PROSEDUR BESAR PADA MULUT DAN LIDAH,692.300
146,50.0,102.5,452.8,786.3,-144- TARIF INA-CBG REGIONAL 1 RUMAH SAKIT KELAS B SWASTA RAWAT JALAN,,,,,238,U-2-32-0,PROSEDUR KECIL PADA MULUT DAN LIDAH,403.100
146,50.0,102.5,452.8,786.3,-144- TARIF INA-CBG REGIONAL 1 RUMAH SAKIT KELAS B SWASTA RAWAT JALAN,,,,,239,U-3-10-0,"PROSEDUR SEDANG LAIN-LAIN PADA TELINGA, HIDUNG, MULUT DAN TENGGOROKAN",341.000
147,50.0,102.5,452.8,536.6,-144- TARIF INA-CBG REGIONAL 1 RUMAH SAKIT KELAS B SWASTA RAWAT JALAN,,,,,240,U-3-11-0,"PROSEDUR KECIL LAIN-LAIN PADA TELINGA, HIDUNG, MULUT DAN TENGGOROKAN",322.700
147,50.0,102.5,452.8,536.6,-144- TARIF INA-CBG REGIONAL 1 RUMAH SAKIT KELAS B SWASTA RAWAT JALAN,,,,,241,U-3-12-0,PROSEDUR KAUTERISASI & PACKING PADA RONGGA HIDUNG,245.500
147,50.0,102.5,452.8,536.6,-144- TARIF INA-CBG REGIONAL 1 RUMAH SAKIT KELAS B SWASTA RAWAT JALAN,,,,,242,U-3-13-0,"PROSEDUR DIAGNOSTIK LAIN-LAIN PADA TELINGA, HIDUNG, MULUT DAN TENGGOROKAN",424.300
147,50.0,102.5,452.8,536.6,-144- TARIF INA-CBG REGIONAL 1 RUMAH SAKIT KELAS B SWASTA RAWAT JALAN,,,,,243,U-3-14-0,"PROSEDUR TES FUNGSI PADA TELINGA, HIDUNG, MULUT DAN TENGGOROKAN",314.100
147,50.0,102.5,452.8,536.6,-144- TARIF INA-CBG REGIONAL 1 RUMAH SAKIT KELAS B SWASTA RAWAT JALAN,,,,,244,U-3-15-0,"PROSEDUR LAIN-LAIN PADA TELINGA, HIDUNG, MULUT DAN TENGGOROKAN",322.900
147,50.0,102.5,452.8,536.6,-144- TARIF INA-CBG REGIONAL 1 RUMAH SAKIT KELAS B SWASTA RAWAT JALAN,,,,,245,U-3-16-0,PROSEDUR PADA GIGI,371.100
147,50.0,102.5,452.8,536.6,-144- TARIF INA-CBG REGIONAL 1 RUMAH SAKIT KELAS B SWASTA RAWAT JALAN,,,,,246,V-2-10-0,PROSEDUR BESAR PADA PENGANGKATAN PROSTAT,2.493.200
147,50.0,102.5,452.8,536.6,-144- TARIF INA-CBG REGIONAL 1 RUMAH SAKIT KELAS B SWASTA RAWAT JALAN,,,,,247,V-2-11-0,PROSEDUR PADA PENIS,553.600
147,50.0,102.5,452.8,536.6,-144- TARIF INA-CBG REGIONAL 1 RUMAH SAKIT KELAS B SWASTA RAWAT JALAN,,,,,248,V-2-12-0,PROSEDUR SEDANG PADA PROSTAT DAN SKROTUM,897.300
147,50.0,102.5,452.8,536.6,-144- TARIF INA-CBG REGIONAL 1 RUMAH SAKIT KELAS B SWASTA RAWAT JALAN,,,,,249,V-2-13-0,PROSEDUR KECIL PADA PROSTAT DAN SKROTUM,419.800
147,50.0,102.5,452.8,536.6,-144- TARIF INA-CBG REGIONAL 1 RUMAH SAKIT KELAS B SWASTA RAWAT JALAN,,,,,250,V-2-14-0,PENGANGKATAN PROSTAT MELALUI TRANSURETHRAL,685.100
147,50.0,102.5,452.8,536.6,-144- TARIF INA-CBG REGIONAL 1 RUMAH SAKIT KELAS B SWASTA RAWAT JALAN,,,,,251,V-2-15-0,SIRKUMSISI/SUNAT,501.500
147,50.0,102.5,452.8,536.6,-144- TARIF INA-CBG REGIONAL 1 RUMAH SAKIT KELAS B SWASTA RAWAT JALAN,,,,,252,V-3-10-0,PROSEDUR STERILISASI PADA LAKI-LAKI,431.800
147,50.0,102.5,452.8,536.6,-144- TARIF INA-CBG REGIONAL 1 RUMAH SAKIT KELAS B SWASTA RAWAT JALAN,,,,,253,V-3-11-0,PROSEDUR DIAGNOSTIK DAN TERAPEUTIK PADA ALAT GENITAL LAKI-LAKI,900.400
147,50.0,102.5,452.8,536.6,-144- TARIF INA-CBG REGIONAL 1 RUMAH SAKIT KELAS B SWASTA RAWAT JALAN,,,,,254,V-3-12-0,PROSEDUR LAIN PADA ALAT GENITAL LAKI-LAKI,798.000
147,50.0,102.5,452.8,536.6,-144- TARIF INA-CBG REGIONAL 1 RUMAH SAKIT KELAS B SWASTA RAWAT JALAN,,,,,255,W-2-10-0,PROSEDUR ABORSI,1.429.800
147,50.0,102.5,452.8,536.6,-144- TARIF INA-CBG REGIONAL 1 RUMAH SAKIT KELAS B SWASTA RAWAT JALAN,,,,,256,W-2-11-0,"PROSEDUR PELEBARAN, KURETASE DALAM RAHIM & LEHER RAHIM",1.275.600
147,50.0,102.5,452.8,536.6,-144- TARIF INA-CBG REGIONAL 1 RUMAH SAKIT KELAS B SWASTA RAWAT JALAN,,,,,257,W-2-12-0,PROSEDUR MEMBUKA TUBA YANG TERHALANG/TERGANGGU,1.424.500
147,50.0,102.5,452.8,536.6,-144- TARIF INA-CBG REGIONAL 1 RUMAH SAKIT KELAS B SWASTA RAWAT JALAN,,,,,258,W-2-13-0,PROSEDUR ENDOSKOPI TUBA YANG TERHALANG/TERGANGGU,968.500
147,50.0,102.5,452.8,536.6,-144- TARIF INA-CBG REGIONAL 1 RUMAH SAKIT KELAS B SWASTA RAWAT JALAN,,,,,259,W-2-21-0,PROSEDUR BESAR PADA FRAKTUR RONGGA PANGGUL TERBUKA,2.116.800
147,50.0,102.5,452.8,536.6,-144- TARIF INA-CBG REGIONAL 1 RUMAH SAKIT KELAS B SWASTA RAWAT JALAN,,,,,260,W-2-22-0,PROSEDUR KECIL PADA FRAKTUR RONGGA PANGGUL TERBUKA,638.500
147,50.0,102.5,452.8,536.6,-144- TARIF INA-CBG REGIONAL 1 RUMAH SAKIT KELAS B SWASTA RAWAT JALAN,,,,,261,W-2-23-0,PROSEDUR LAPAROSKOPI GINEKOLOGI,1.355.200
147,50.0,102.5,452.8,536.6,-144- TARIF INA-CBG REGIONAL 1 RUMAH SAKIT KELAS B SWASTA RAWAT JALAN,,,,,262,W-2-31-0,PROSEDUR PEMBUANGAN RAHIM MELALUI JALAN LAHIR,2.438.500
147,50.0,102.5,452.8,536.6,-144- TARIF INA-CBG REGIONAL 1 RUMAH SAKIT KELAS B SWASTA RAWAT JALAN,,,,,263,W-2-32-0,PROSEDUR PERBAIKAN CYSTOCELE DAN VULVOVAGINAL INTERMEDIATE,2.050.600
147,50.0,102.5,452.8,536.6,-144- TARIF INA-CBG REGIONAL 1 RUMAH SAKIT KELAS B SWASTA RAWAT JALAN,,,,,264,W-2-33-0,PROSEDUR KECIL VULVOVAGINAL,1.072.200
147,50.0,102.5,452.8,536.6,-144- TARIF INA-CBG REGIONAL 1 RUMAH SAKIT KELAS B SWASTA RAWAT JALAN,,,,,265,W-2-34-0,PROSEDUR GINEKOLOGI LAIN-LAIN,498.100
147,50.0,102.5,452.8,536.6,-144- TARIF INA-CBG REGIONAL 1 RUMAH SAKIT KELAS B SWASTA RAWAT JALAN,,,,,266,W-3-10-0,PROSEDUR KECIL GINEKOLOGI & ENDOSKOPI,768.300
147,50.0,102.5,452.8,536.6,-144- TARIF INA-CBG REGIONAL 1 RUMAH SAKIT KELAS B SWASTA RAWAT JALAN,,,,,267,W-3-11-0,PROSEDUR SEDANG GINEKOLOGI,749.800
147,50.0,102.5,452.8,536.6,-144- TARIF INA-CBG REGIONAL 1 RUMAH SAKIT KELAS B SWASTA RAWAT JALAN,,,,,268,W-3-12-0,PROSEDUR KECIL GINEKOLOGI,343.500
147,50.0,102.5,452.8,536.6,-144- TARIF INA-CBG REGIONAL 1 RUMAH SAKIT KELAS B SWASTA RAWAT JALAN,,,,,269,Z-3-10-0,PROSEDUR RADIOSURGICAL,2.291.000
147,50.0,102.5,452.8,536.6,-144- TARIF INA-CBG REGIONAL 1 RUMAH SAKIT KELAS B SWASTA RAWAT JALAN,,,,,270,Z-3-11-0,EXTRACORPOREAL SHOCKWAVE LITHOTRIPSY (ESWL) SELAIN URINARI DAN SALURAN EMPEDU,3.049.500
147,50.0,102.5,452.8,536.6,-144- TARIF INA-CBG REGIONAL 1 RUMAH SAKIT KELAS B SWASTA RAWAT JALAN,,,,,271,Z-3-12-0,PROSEDUR REHABILITASI,176.400
147,50.0,102.5,452.8,536.6,-144- TARIF INA-CBG REGIONAL 1 RUMAH SAKIT KELAS B SWASTA RAWAT JALAN,,,,,272,Z-3-13-0,PROSEDUR KECIL PELAYANAN PENUNJANG LAIN-LAIN,187.000
147,50.0,102.5,452.8,536.6,-144- TARIF INA-CBG REGIONAL 1 RUMAH SAKIT KELAS B SWASTA RAWAT JALAN,,,,,273,Z-3-14-0,DIAGNOSTIK TIDUR,469.400
147,50.0,102.5,452.8,536.6,-144- TARIF INA-CBG REGIONAL 1 RUMAH SAKIT KELAS B SWASTA RAWAT JALAN,,,,,274,Z-3-15-0,IMAGING NUKLIR JANTUNG,544.700
147,50.0,102.5,452.8,536.6,-144- TARIF INA-CBG REGIONAL 1 RUMAH SAKIT KELAS B SWASTA RAWAT JALAN,,,,,275,Z-3-16-0,PROSEDUR MAGNETIC RESONANCE IMAGING (MRI),1.271.200
147,50.0,102.5,452.8,536.6,-144- TARIF INA-CBG REGIONAL 1 RUMAH SAKIT KELAS B SWASTA RAWAT JALAN,,,,,276,Z-3-17-0,PENGOBATAN NUKLIR,1.265.400
147,50.0,102.5,452.8,536.6,-144- TARIF INA-CBG REGIONAL 1 RUMAH SAKIT KELAS B SWASTA RAWAT JALAN,,,,,277,Z-3-18-0,CT-SCAN KEPALA,1.142.700
147,50.0,102.5,452.8,536.6,-144- TARIF INA-CBG REGIONAL 1 RUMAH SAKIT KELAS B SWASTA RAWAT JALAN,,,,,278,Z-3-19-0,CT SCAN LAIN-LAIN,1.420.700
147,50.0,102.5,452.8,536.6,-144- TARIF INA-CBG REGIONAL 1 RUMAH SAKIT KELAS B SWASTA RAWAT JALAN,,,,,279,Z-3-20-0,IMAGING KONTRAS SALURAN URINARI,753.900
147,50.0,102.5,452.8,536.6,-144- TARIF INA-CBG REGIONAL 1 RUMAH SAKIT KELAS B SWASTA RAWAT JALAN,,,,,280,Z-3-21-0,IMAGING KONTRAS PEMBULUH DARAH,1.118.800
147,50.0,102.5,452.8,536.6,-144- TARIF INA-CBG REGIONAL 1 RUMAH SAKIT KELAS B SWASTA RAWAT JALAN,,,,,281,Z-3-22-0,IMAGING KONTRAS LAIN-LAIN,724.800
147,50.0,102.5,452.8,536.6,-144- TARIF INA-CBG REGIONAL 1 RUMAH SAKIT KELAS B SWASTA RAWAT JALAN,,,,,282,Z-3-23-0,PROSEDUR ULTRASOUND LAIN-LAIN,592.600
147,50.0,102.5,452.8,536.6,-144- TARIF INA-CBG REGIONAL 1 RUMAH SAKIT KELAS B SWASTA RAWAT JALAN,,,,,283,Z-3-24-0,PROSEDUR ULTRASOUND PEMBULUH DARAH,757.800
147,50.0,102.5,452.8,536.6,-144- TARIF INA-CBG REGIONAL 1 RUMAH SAKIT KELAS B SWASTA RAWAT JALAN,,,,,284,Z-3-25-0,PROSEDUR ULTRASOUND GINEKOLOGIK,336.300
147,50.0,102.5,452.8,536.6,-144- TARIF INA-CBG REGIONAL 1 RUMAH SAKIT KELAS B SWASTA RAWAT JALAN,,,,,285,Z-3-26-0,PROSEDUR BESAR RADIOGRAFI,743.700
147,50.0,102.5,452.8,536.6,-144- TARIF INA-CBG REGIONAL 1 RUMAH SAKIT KELAS B SWASTA RAWAT JALAN,,,,,286,Z-3-27-0,PERAWATAN LUKA,212.500
147,50.0,102.5,452.8,536.6,-144- TARIF INA-CBG REGIONAL 1 RUMAH SAKIT KELAS B SWASTA RAWAT JALAN,,,,,287,Z-3-28-0,IMAGING PAYUDARA,734.800
147,50.0,102.5,452.8,536.6,-144- TARIF INA-CBG REGIONAL 1 RUMAH SAKIT KELAS B SWASTA RAWAT JALAN,,,,,288,Z-3-29-0,IMAGING LAIN-LAIN,1.686.500
147,50.0,102.5,452.8,536.6,-144- TARIF INA-CBG REGIONAL 1 RUMAH SAKIT KELAS B SWASTA RAWAT JALAN,,,,,289,Z-3-30-0,FOTOTERAPI,109.100
