page,bbox_x0,bbox_top,bbox_x1,bbox_bottom,NO,KKOODDEE IINNAA--CCBBGG,DDEESSKKRRIIPPSSII KKOODDEE IINNAA--CCBBGG,TTAARRIIFF IINNAA--CCBBGG
354,50.0,109.4,452.8,784.8,1,B-2-10-0,PPRROOSSEEDDUURR PPAADDAA HHAATTII DDAANN PPAANNKKRREEAASS,1.123.200
354,50.0,109.4,452.8,784.8,2,B-2-11-0,PPRROOSSEEDDUURR BBEESSAARR PPAADDAA SSAALLUURRAANN EEMMPPEEDDUU,1.221.700
354,50.0,109.4,452.8,784.8,3,B-2-12-0,PPRROOSSEEDDUURR KKOOLLEESSIISSTTEEKKTTOOMMII TTAANNPPAA LLAAPPAARROOSSKKOOPPII,2.596.300
354,50.0,109.4,452.8,784.8,4,B-2-13-0,PPRROOSSEEDDUURR LLAAIINN--LLAAIINN PPAADDAA HHEEPPAATTOOBBIILLIIAARRII && PPAANNKKRREEAASS,2.633.800
354,50.0,109.4,452.8,784.8,5,B-2-14-0,PPRROOSSEEDDUURR KKOOLLEESSIISSTTEEKKTTOOMMII DDEENNGGAANN LLAAPPAARROOSSKKOOPPII,3.165.400
354,50.0,109.4,452.8,784.8,6,B-3-10-0,PPRROOSSEEDDUURR PPAADDAA PPEERRKKUUTTAANN HHAATTII && SSAALLUURRAANN EEMMPPEEDDUU,1.160.300
354,50.0,109.4,452.8,784.8,7,B-3-11-0,PPRROOSSEEDDUURR EENNDDOOSSKKOOPPII SSAALLUURRAANN EEMMPPEEDDUU,1.244.900
354,50.0,109.4,452.8,784.8,8,B-3-12-0,PPRROOSSEEDDUURR LLAAIINN--LLAAIINN PPAADDAA SSIISSTTEEMM HHEEPPAATTOOBBIILLIIAARRII DDAANN PPAANNKKRREEAASS,430.600
354,50.0,109.4,452.8,784.8,9,C-3-10-0,PPRROOSSEEDDUURR RRAADDIIOOTTEERRAAPPII,928.200
354,50.0,109.4,452.8,784.8,10,C-3-11-0,KKEEMMOOTTEERRAAPPII PPAADDAA TTUUMMOORR PPAARRUU && KKAANNDDUUNNGG KKEEMMIIHH,990.700
354,50.0,109.4,452.8,784.8,1,C-3-12-0,KKEEMMOOTTEERRAAPPII PPAADDAA TTUUMMOORR KKOOLLOONN,1.028.100
354,50.0,109.4,452.8,784.8,12,C-3-13-0,KKEEMMOOTTEERRAAPPII PPAADDAA TTUUMMOORR PPAAYYUUDDAARRAA AATTAAUU OOVVAARRIIUUMM,1.487.400
354,50.0,109.4,452.8,784.8,13,C-3-14-0,KKEEMMOOTTEERRAAPPII PPAADDAA TTUUMMOORR GGAASSTTRROOIINNTTEESSTTIINNAALL,1.975.300
354,50.0,109.4,452.8,784.8,14,C-3-15-0,"KKEEMMOOTTEERRAAPPII PPAADDAA TTUUMMOORR MMEELLAANNOOMMAA,, GGIINNJJAALL AATTAAUU PPRROOSSTTAATT",1.471.400
354,50.0,109.4,452.8,784.8,15,C-3-16-0,KKEEMMOOTTEERRAAPPII PPAADDAA TTUUMMOORR OOTTAAKK,759.100
354,50.0,109.4,452.8,784.8,16,C-3-17-0,KKEEMMOOTTEERRAAPPII PPAADDAA TTUUMMOORR KKEEPPAALLAA AATTAAUU LLEEHHEERR,1.423.300
354,50.0,109.4,452.8,784.8,17,C-3-18-0,KKEEMMOOTTEERRAAPPII PPAADDAA LLEEUUKKEEMMIIAA AAKKUUTT,706.100
354,50.0,109.4,452.8,784.8,18,C-3-19-0,"KKEEMMOOTTEERRAAPPII PPAADDAA TTUUMMOORR LLIIMMFFOOMMAA,, MMYYEELLOOMMAA AATTAAUU TTEESSTTIISS",1.206.500
354,50.0,109.4,452.8,784.8,19,C-3-20-0,KKEEMMOOTTEERRAAPPII PPAADDAA TTUUMMOORR KKUULLIITT,2.087.100
354,50.0,109.4,452.8,784.8,20,C-3-21-0,KKEEMMOOTTEERRAAPPII PPAADDAA TTUUMMOORR GGIINNEEKKOOLLOOGGII,1.364.800
354,50.0,109.4,452.8,784.8,21,C-3-22-0,KKEEMMOOTTEERRAAPPII PPAADDAA TTUUMMOORR MMEETTAASSTTAASSEE,1.765.100
354,50.0,109.4,452.8,784.8,2,C-3-23-0,KKEEMMOOTTEERRAAPPII PPAADDAA TTUUMMOORR LLAAIINN--LLAAIINN,430.700
354,50.0,109.4,452.8,784.8,23,D-2-10-0,PPRROOSSEEDDUURR PPEENNCCAANNGGKKOOKKAANN SSUUMMSSUUMM TTUULLAANNGG,1.312.400
354,50.0,109.4,452.8,784.8,24,D-2-11-0,PPRROOSSEEDDUURR LLIIMMPPAA,2.185.600
354,50.0,109.4,452.8,784.8,25,D-2-21-0,PPRROOSSEEDDUURR BBEESSAARR PPAADDAA NNOODDUULL LLIIMMPPAA DDAANN TTYYMMUUSS,2.183.900
354,50.0,109.4,452.8,784.8,26,D-2-22-0,PPRROOSSEEDDUURR KKEECCIILL PPAADDAA NNOODDUULL LLIIMMPPAA DDAANN TTYYMMUUSS,536.800
354,50.0,109.4,452.8,784.8,27,D-3-10-0,PPRROOSSEEDDUURR TTRRAANNSSFFUUSSII && TTEERRAAPPII SSUUMMSSUUMM TTUULLAANNGG,1.289.000
354,50.0,109.4,452.8,784.8,28,D-3-11-0,PPRROOSSEEDDUURR DDIIAAGGNNOOSSTTIIKK DDAARRAAHH DDAANN OORRGGAANN PPEEMMBBEENNTTUUKK DDAARRAAHH,1.109.600
354,50.0,109.4,452.8,784.8,29,E-2-10-0,PPRROOSSEEDDUURR PPAADDAA KKEELLEENNJJAARR AADDRREENNAALL,646.400
354,50.0,109.4,452.8,784.8,30,E-2-21-0,PPRROOSSEEDDUURR BBEESSAARR PPAADDAA KKEELLEENNJJAARR TTIIRROOIIDD DDAANN PPAARRAATTIIRROOIIDD,851.100
354,50.0,109.4,452.8,784.8,31,E-2-22-0,"PPRROOSSEEDDUURR KKEECCIILL PPAADDAA KKEELLEENNJJAARR TTIIRROOIIDD,,PPAARRAATTIIRROOIIDD DDAANN SSAALLUURRAANN TTHHYYRROOGGLLOOSSSSAALL",662.900
354,50.0,109.4,452.8,784.8,32,E-3-10-0,PPRROOSSEEDDUURR DDIIAAGGNNOOSSTTIIKK PPAADDAA KKEELLEENNJJAARR EENNDDOOKKRRIINN,552.800
354,50.0,109.4,452.8,784.8,3,F-3-10-0,TTEERRAAPPII SSHHOOCCKK,464.000
354,50.0,109.4,452.8,784.8,34,F-5-10-0,PPEELLAAYYAANNAANN KKEESSEEHHAATTAANN MMEENNTTAALL EEKKSSTTEENNSSIIFF,404.800
354,50.0,109.4,452.8,784.8,35,F-5-11-0,TTEERRAAPPII KKEELLOOMMPPOOKK,371.900
354,50.0,109.4,452.8,784.8,36,F-5-12-0,PPRROOSSEEDDUURR TTEESS DDIIAAGGNNOOSSTTIIKK KKEESSEEHHAATTAANN JJIIWWAA,359.000
354,50.0,109.4,452.8,784.8,37,F-5-13-0,PPSSIIKKOOTTEERRAAPPII IINNDDIIVVIIDDUU DDEEWWAASSAA AAKKUUTT,489.000
354,50.0,109.4,452.8,784.8,38,F-5-14-0,PPSSIIKKOOTTHHEERRAAPPII IINNDDIIVVIIDDUU DDEEWWAASSAA BBUUKKAANN AAKKUUTT,267.000
354,50.0,109.4,452.8,784.8,39,F-5-15-0,PPEENNGGOOBBAATTAANN IINNDDIIVVIIDDUU KKEETTEERRBBEELLAAKKAANNGGAANN MMEENNTTAALL,266.800
354,50.0,109.4,452.8,784.8,40,F-5-16-0,PPSSIIKKOOTTHHEERRAAPPII IINNDDIIVVIIDDUU PPAADDAA KKAANNAAKK--KKAANNAAKK MMAASSAALLAAHH KKEESSEEHHAATTAANN MMEENNTTAALL,319.800
354,50.0,109.4,452.8,784.8,41,G-2-10-0,PPRROOSSEEDDUURR KKRRAANNIIOOTTOOMMII,5.463.600
354,50.0,109.4,452.8,784.8,42,G-2-11-0,PPRROOSSEEDDUURR SSHHUUNNTT VVEENNTTRRIIKKEELL,3.436.300
354,50.0,109.4,452.8,784.8,43,G-2-12-0,PPRROOSSEEDDUURR PPAADDAA PPEEMMBBUULLUUHH DDAARRAAHH EEKKSSTTRRAAKKRRAANNIIAALL,2.269.700
354,50.0,109.4,452.8,784.8,4,G-2-13-0,PPRROOSSEEDDUURR CCAARRPPAALL TTUUNNNNEELL RREELLEEAASSEE,995.300
354,50.0,109.4,452.8,784.8,45,G-2-21-0,PPRROOSSEEDDUURR BBEESSAARR PPAADDAA SSAARRAAFF PPEERRIIFFEERR,2.250.100
354,50.0,109.4,452.8,784.8,46,G-2-22-0,PPRROOSSEEDDUURR KKEECCIILL PPAADDAA SSAARRAAFF PPEERRIIFFEERR,1.261.600
354,50.0,109.4,452.8,784.8,47,G-2-31-0,PPRROOSSEEDDUURR BBEESSAARR PPAADDAA TTUULLAANNGG BBEELLAAKKAANNGG,2.252.400
354,50.0,109.4,452.8,784.8,48,G-2-32-0,PPRROOSSEEDDUURR KKEECCIILL PPAADDAA TTUULLAANNGG BBEELLAAKKAANNGG,1.611.400
354,50.0,109.4,452.8,784.8,49,G-3-10-0,PPRROOSSEEDDUURR TTAAPP && IINNJJEEKKSSII PPAADDAA SSPPIINNAALL,692.100
354,50.0,109.4,452.8,784.8,50,G-3-11-0,PPRROOSSEEDDUURR IINNJJEEKKSSII PPAADDAA SSAARRAAFF PPEERRIIFFEERR,500.800
354,50.0,109.4,452.8,784.8,51,G-3-12-0,PPRROOSSEEDDUURR PPEEMMEERRIIKKSSAAAANN NNEEUURROOLLOOGGIISS LLAAIINN,593.700
354,50.0,109.4,452.8,784.8,52,G-3-13-0,PPRROOSSEEDDUURR EELLEEKKRROOEENNSSEEFFAALLOOGGRRAAFFII ((EEEEGG)),520.000
354,50.0,109.4,452.8,784.8,53,G-5-17-0,PPEENNYYAAKKIITT SSAARRAAFF KKRRAANNIIAALL DDAANN SSAARRAAFF PPEERRIIFFEERR LLAAIINN--LLAAIINN,261.100
354,50.0,109.4,452.8,784.8,54,H-2-21-0,PPRROOSSEEDDUURR BBEESSAARR PPAADDAA MMAATTAA,2.912.100
354,50.0,109.4,452.8,784.8,5,H-2-22-0,PPRROOSSEEDDUURR SSEEDDAANNGG PPAADDAA MMAATTAA,1.530.500
354,50.0,109.4,452.8,784.8,56,H-2-23-0,PPRROOSSEEDDUURR KKEECCIILL PPAADDAA MMAATTAA,709.700
354,50.0,109.4,452.8,784.8,57,H-2-31-0,PPRROOSSEEDDUURR BBEESSAARR PPAADDAA SSEEGGMMEENN AANNTTEERRIIOORR MMAATTAA,3.030.800
354,50.0,109.4,452.8,784.8,58,H-2-32-0,PPRROOSSEEDDUURR SSEEDDAANNGG PPAADDAA SSEEGGMMEENN AANNTTEERRIIOORR MMAATTAA,2.333.600
354,50.0,109.4,452.8,784.8,59,H-2-33-0,PPRROOSSEEDDUURR KKEECCIILL PPAADDAA SSEEGGMMEENN AANNTTEERRIIOORR MMAATTAA,437.800
354,50.0,109.4,452.8,784.8,60,H-2-34-0,PPRROOSSEEDDUURR BBEESSAARR PPAADDAA SSEEGGMMEENN PPOOSSTTEERRIIOORR MMAATTAA,3.278.900
354,50.0,109.4,452.8,784.8,61,H-2-35-0,PPRROOSSEEDDUURR KKEECCIILL PPAADDAA SSEEGGMMEENN PPOOSSTTEERRIIOORR MMAATTAA,2.632.600
354,50.0,109.4,452.8,784.8,62,H-2-36-0,PPRROOSSEEDDUURR OOPPEERRAASSII KKAATTAARRAAKK,3.832.100
354,50.0,109.4,452.8,784.8,63,H-2-37-0,PPRROOSSEEDDUURR PPHHOOTTOOKKOOAAGGUULLAASSII DDAANN KKRRIIOOTTHHEERRAAPPII PPAADDAA RREETTIINNAA,1.419.700
354,50.0,109.4,452.8,784.8,64,H-3-10-0,PPRROOSSEEDDUURR LLAASSEERR SSEEDDAANNGG PPAADDAA MMAATTAA,860.400
354,50.0,109.4,452.8,784.8,65,H-3-11-0,PPRROOSSEEDDUURR KKEECCIILL PPAADDAA EEKKTTRRAAOOKKUULLEERR,364.200
354,50.0,109.4,452.8,784.8,6,H-3-12-0,PPRROOSSEEDDUURR LLAAIINN--LLAAIINN PPAADDAA MMAATTAA,243.600
354,50.0,109.4,452.8,784.8,67,H-3-13-0,PPRROOSSEEDDUURR DDIIAAGGNNOOSSTTIIKK && IIMMAAGGIINNGG PPAADDAA MMAATTAA,300.100
354,50.0,109.4,452.8,784.8,68,I-2-11-0,PPEEMMAASSAANNGGAANN//PPEENNYYIISSIIPPAANN DDEEFFIIBBRRIILLAATTOORR JJAANNTTUUNNGG && SSIISSTTEEMM BBAANNTTUU JJAANNTTUUNNGG,4.115.800
354,50.0,109.4,452.8,784.8,69,I-2-12-0,PPRROOSSEEDDUURR BBEESSAARR PPAADDAA PPEEMMBBUULLUUHH DDAARRAAHH TTOORRAASSIIKK,2.366.400
354,50.0,109.4,452.8,784.8,70,I-2-13-0,PPRROOSSEEDDUURR BBEESSAARR PPAADDAA PPEEMMBBUULLUUHH DDAARRAAHH AABBDDOOMMEENN,2.300.700
354,50.0,109.4,452.8,784.8,71,I-2-14-0,PPRROOSSEEDDUURR PPEEMMAASSAANNGGAANN//PPEENNYYIISSIIPPAANN AALLAATT PPAACCUU PPEERRMMAANNEENN PPAADDAA JJAANNTTUUNNGG,6.142.400
354,50.0,109.4,452.8,784.8,72,I-2-15-0,PPRROOSSEEDDUURR KKAATTEETTEERRIISSAASSII JJAANNTTUUNNGG,5.451.900
354,50.0,109.4,452.8,784.8,73,I-2-16-0,PPRROOSSEEDDUURR RREEVVIISSII DDEEFFIIBBRRIILLAATTOORR DDAANN AALLAATT PPAACCUU JJAANNTTUUNNGG TTIIDDAAKK TTEERRMMAASSUUKK PPEENNGGGGAANNTTIIAANN AALLAATT,3.262.300
354,50.0,109.4,452.8,784.8,74,I-2-17-0,PPRROOSSEEDDUURR LLIIGGAASSII DDAANN SSTTRRIIPPPPIINNGG PPEEMMBBUULLUUHH DDAARRAAHH VVEENNAA,1.009.900
354,50.0,109.4,452.8,784.8,75,I-2-21-0,AANNGGIIOOGGRRAAFFII AARRTTEERRII BBUUKKAANN JJAANNTTUUNNGG,2.862.400
354,50.0,109.4,452.8,784.8,76,I-2-22-0,PPRROOSSEEDDUURR SSEEDDAANNGG PPAADDAA PPEEMMBBUULLUUHH DDAARRAAHH,2.152.900
354,50.0,109.4,452.8,784.8,7,I-2-23-0,PPRROOSSEEDDUURR KKEECCIILL PPAADDAA PPEEMMBBUULLUUHH DDAARRAAHH,655.400
354,50.0,109.4,452.8,784.8,78,I-2-31-0,PPEEMMAASSAANNGGAANN AATTAAUU PPEENNGGGGAANNTTIIAANN AALLAATT DDEEFFIIBBRRIILLAATTOORR JJAANNTTUUNNGG,6.483.000
354,50.0,109.4,452.8,784.8,79,I-2-32-0,PPEEMMAASSAANNGGAANN AATTAAUU PPEENNGGGGAANNTTIIAANN AALLAATT PPAACCUU JJAANNTTUUNNGG,5.869.000
355,50.0,102.5,452.8,786.3,80,I-2-41-0,PPRROOSSEEDDUURR EELLEEKKTTRROOFFIISSIIOOLLOOGGIIKK,3.935.200
355,50.0,102.5,452.8,786.3,81,I-2-42-0,PPRROOSSEEDDUURR AANNGGIIOOPPLLAASSTTII PPEEMMBBUULLUUHH DDAARRAAHH KKOORROONNEERR DDAANN KKAARRDDIIOOVVAASSKKUULLAARR PPEERRKKUUTTAANN LLAAIINN,3.751.500
355,50.0,102.5,452.8,786.3,82,I-3-10-0,PPRROOSSEEDDUURR RREESSUUSSIITTAASSII,945.700
355,50.0,102.5,452.8,786.3,83,I-3-11-0,PPRROOSSEEDDUURR KKAARRDDIIOOVVEERRSSII,857.900
355,50.0,102.5,452.8,786.3,84,I-3-12-0,PPRROOSSEEDDUURR KKEECCIILL LLAAIINN--LLAAIINN PPAADDAA JJAANNTTUUNNGG,1.181.000
355,50.0,102.5,452.8,786.3,85,I-3-13-0,PPRROOSSEEDDUURR EEKKOOKKAARRDDIIOOGGRRAAFFII,449.600
355,50.0,102.5,452.8,786.3,86,I-3-14-0,PPRROOSSEEDDUURR SSTTRREESSSS TTEESSTTIINNGG,414.200
355,50.0,102.5,452.8,786.3,87,I-3-15-0,PPRROOSSEEDDUURR PPEENNGGAAWWAASSAANN FFUUNNGGSSII KKAARRDDIIOOVVAASSKKUULLAARR,317.900
355,50.0,102.5,452.8,786.3,8,J-2-10-0,PPRROOSSEEDDUURR BBEESSAARR PPAADDAA SSIISSTTEEMM SSAALLUURRAANN PPEERRNNAAFFAASSAANN,2.243.100
355,50.0,102.5,452.8,786.3,89,J-2-21-0,PPRROOSSEEDDUURR VVEENNTTIILLAASSII MMEEKKAANNIIKKAALL JJAANNGGKKAA PPEENNDDEEKK,2.116.100
355,50.0,102.5,452.8,786.3,90,J-2-22-0,PPRROOSSEEDDUURR PPAADDAA LLAARRIINNGG DDAANN TTRRAAKKEEAA,1.301.500
355,50.0,102.5,452.8,786.3,91,J-2-31-0,PPRROOSSEEDDUURR TTHHOORRAAKKOOSSKKOOPPII//MMEEDDIIAASSTTIINNOOSSKKOOPPII,1.864.700
355,50.0,102.5,452.8,786.3,92,J-2-32-0,PPRROOSSEEDDUURR DDAADDAA IINNTTEERRMMEEDDIIAATTEE,1.065.100
355,50.0,102.5,452.8,786.3,93,J-3-10-0,PPRROOSSEEDDUURR PPAADDAA DDIINNDDIINNGG DDAADDAA,794.600
355,50.0,102.5,452.8,786.3,94,J-3-11-0,PPRROOSSEEDDUURR PPEEMMAASSAANNGGAANN//PPEENNYYIISSIIPPAANN TTUUBBEE PPAADDAA DDAADDAA,982.800
355,50.0,102.5,452.8,786.3,95,J-3-12-0,PPRROOSSEEDDUURR TTHHOORRAACCEENNTTEESSIISS,676.600
355,50.0,102.5,452.8,786.3,96,J-3-13-0,PPRROOSSEEDDUURR TTEERRAAPPII SSAALLUURRAANN PPEERRNNAAFFAASSAANN,340.700
355,50.0,102.5,452.8,786.3,97,J-3-14-0,PPRROOSSEEDDUURR BBIIOOPPSSII PPEERRKKUUTTAANN DDAANN AASSPPIIRRAASSII,685.200
355,50.0,102.5,452.8,786.3,98,J-3-15-0,PPRROOSSEEDDUURR BBRROONNKKOOSSKKOOPPII,457.800
355,50.0,102.5,452.8,786.3,9,J-3-16-0,PPRROOSSEEDDUURR UUJJII FFUUNNGGSSII PPAARRUU,559.700
355,50.0,102.5,452.8,786.3,100,J-3-17-0,PPRROOSSEEDDUURR LLAAIINN--LLAAIINN PPAADDAA SSIISSTTEEMM SSAALLUURRAANN PPEERRNNAAFFAASSAANN,333.800
355,50.0,102.5,452.8,786.3,101,K-2-10-0,PPRROOSSEEDDUURR KKEECCIILL PPAADDAA UUSSUUSS BBEESSAARR DDAANN KKEECCIILL,955.000
355,50.0,102.5,452.8,786.3,102,K-2-11-0,PPRROOSSEEDDUURR AADDHHEESSIIOOLLYYSSIISS PPAADDAA PPEERRIITTOONNEEUUMM,1.802.400
355,50.0,102.5,452.8,786.3,103,K-2-12-0,PPRROOSSEEDDUURR PPAADDAA HHEERRNNIIAA TTIIDDAAKK TTEERRMMAASSUUKK HHEERRNNIIAA IINNGGUUIINNAALLIISS DDAANN FFEEMMOORRAALLIISS,1.129.500
355,50.0,102.5,452.8,786.3,104,K-2-13-0,PPRROOSSEEDDUURR PPAADDAA UUSSUUSS BBUUNNTTUU,2.781.800
355,50.0,102.5,452.8,786.3,105,K-2-14-0,PPRROOSSEEDDUURR PPAADDAA HHEERRNNIIAA IINNGGUUIINNAALLIISS DDAANN FFEEMMOORRAALLIISS,580.300
355,50.0,102.5,452.8,786.3,106,K-2-21-0,PPRROOSSEEDDUURR BBEESSAARR PPAADDAA UUSSUUSS HHAALLUUSS DDAANN UUSSUUSS BBEESSAARR,728.600
355,50.0,102.5,452.8,786.3,107,K-2-22-0,PPRROOSSEEDDUURR BBEESSAARR PPAADDAA GGAASSTTRROOIINNTTEESSTTIINNAALL AATTAASS,3.220.500
355,50.0,102.5,452.8,786.3,108,K-2-31-0,PPRROOSSEEDDUURR SSEEDDAANNGG PPAADDAA GGAASSTTRROOIINNTTEESSTTIINNAALL AATTAASS,1.443.700
355,50.0,102.5,452.8,786.3,109,K-2-32-0,PPRROOSSEEDDUURR LLAAIINN--LLAAIINN PPAADDAA GGAASSTTRROOIINNTTEESSTTIINNAALL AATTAASS,619.400
355,50.0,102.5,452.8,786.3,110,K-2-41-0,PPRROOSSEEDDUURR LLAAPPAARROOSSKKOOPPII,1.822.000
355,50.0,102.5,452.8,786.3,111,K-2-42-0,PPRROOSSEEDDUURR LLAAPPAARROOTTOOMMII && GGAASSTTRROOIINNTTEESSTTIINNAALL LLAAIINNNNYYAA,3.216.400
355,50.0,102.5,452.8,786.3,112,K-2-51-0,PPRROOSSEEDDUURR UUNNTTUUKK WWAASSIIRR,780.100
355,50.0,102.5,452.8,786.3,113,K-2-52-0,PPRROOSSEEDDUURR SSEEDDAANNGG PPAADDAA AANNUUSS && RREEKKTTUUMM,988.400
355,50.0,102.5,452.8,786.3,114,K-2-53-0,PPRROOSSEEDDUURR KKEECCIILL PPAADDAA AANNUUSS && RREEKKTTUUMM,381.800
355,50.0,102.5,452.8,786.3,115,K-3-10-0,PPRROOSSEEDDUURR KKEECCIILL LLAAIINN--LLAAIINN PPAADDAA GGAASSTTRROOIINNTTEESSTTIINNAALL,314.200
355,50.0,102.5,452.8,786.3,116,K-3-11-0,PPRROOSSEEDDUURR KKEECCIILL PPAADDAA AANNUUSS && RREEKKTTUUMM,403.200
355,50.0,102.5,452.8,786.3,117,K-3-12-0,PPRROOSSEEDDUURR SSIIGGMMOOIIDDOOSSKKOOPPII DDAANN AANNOOSSKKOOPPII,728.500
355,50.0,102.5,452.8,786.3,118,K-3-13-0,PPRROOSSEEDDUURR KKOOLLOONNOOSSKKOOPPII,2.086.400
355,50.0,102.5,452.8,786.3,119,K-3-14-0,PPRROOSSEEDDUURR EENNDDOOSSKKOOPPII BBEESSAARR PPAADDAA GGAASSTTRROOIINNTTEESSTTIINNAALL AATTAASS,1.701.200
355,50.0,102.5,452.8,786.3,120,K-3-15-0,PPRROOSSEEDDUURR EENNDDOOSSKKOOPPII KKEECCIILL PPAADDAA GGAASSTTRROOIINNTTEESSTTIINNAALL AATTAASS,1.434.300
355,50.0,102.5,452.8,786.3,121,K-3-16-0,PPRROOSSEEDDUURR LLAAIINN--LLAAIINN PPAADDAA GGAASSTTRROOIINNTTEESSTTIINNAALL,493.200
355,50.0,102.5,452.8,786.3,122,K-5-18-0,PPEENNYYAAKKIITT SSIISSTTEEMM PPEENNCCEERRNNAAAANN LLAAIINN--LLAAIINN,261.100
355,50.0,102.5,452.8,786.3,123,L-2-21-0,PPRROOSSEEDDUURR BBEESSAARR PPEEMMIINNDDAAHHAANN KKUULLIITT PPAADDAA LLUUKKAA BBAAKKAARR,1.665.100
355,50.0,102.5,452.8,786.3,124,L-2-22-0,PPRROOSSEEDDUURR KKEECCIILL PPEEMMIINNDDAAHHAANN KKUULLIITT PPAADDAA LLUUKKAA BBAAKKAARR,1.067.400
355,50.0,102.5,452.8,786.3,125,L-2-31-0,PPRROOSSEEDDUURR BBEESSAARR PPEEMMIINNDDAAHHAANN KKUULLIITT TTAANNPPAA LLUUKKAA BBAAKKAARR,877.300
355,50.0,102.5,452.8,786.3,126,L-2-32-0,PPRROOSSEEDDUURR KKEECCIILL PPEEMMIINNDDAAHHAANN KKUULLIITT TTAANNPPAA LLUUKKAA BBAAKKAARR,721.100
355,50.0,102.5,452.8,786.3,127,L-2-41-0,PPRROOSSEEDDUURR BBEEDDAAHH PPLLAASSTTIIKK,1.443.200
355,50.0,102.5,452.8,786.3,128,L-2-42-0,PPRROOSSEEDDUURR LLAAIINN--LLAAIINN PPAADDAA KKUULLIITT DDAANN JJAARRIINNGGAANN BBAAWWAAHH KKUULLIITT,529.400
355,50.0,102.5,452.8,786.3,129,L-2-51-0,PPRROOSSEEDDUURR PPEENNGGAANNGGKKAATTAANN PPAAYYUUDDAARRAA,2.234.000
355,50.0,102.5,452.8,786.3,130,L-2-52-0,PPRROOSSEEDDUURR BBEESSAARR PPAADDAA PPAAYYUUDDAARRAA TTAANNPPAA PPEENNGGAANNGGKKAATTAANN PPAAYYUUDDAARRAA,1.484.900
355,50.0,102.5,452.8,786.3,131,L-2-53-0,PPRROOSSEEDDUURR KKEECCIILL PPAADDAA PPAAYYUUDDAARRAA TTAANNPPAA PPEENNGGAANNGGKKAATTAANN PPAAYYUUDDAARRAA,906.300
355,50.0,102.5,452.8,786.3,132,L-3-10-0,PPRROOSSEEDDUURR KKEECCIILL LLAAIINN--LLAAIINN PPAADDAA PPAAYYUUDDAARRAA,594.900
355,50.0,102.5,452.8,786.3,133,L-3-11-0,PPRROOSSEEDDUURR BBEESSAARR PPAADDAA KKUULLIITT,413.200
355,50.0,102.5,452.8,786.3,134,L-3-12-0,PPRROOSSEEDDUURR KKEECCIILL PPAADDAA KKUULLIITT,299.000
355,50.0,102.5,452.8,786.3,135,M-2-10-0,PPRROOSSEEDDUURR RREEKKOONNTTRRUUKKSSII TTUULLAANNGG KKRRAANNIIAALL DDAANN WWAAJJAAHH,1.622.900
355,50.0,102.5,452.8,786.3,136,M-2-21-0,PPRROOSSEEDDUURR BBEESSAARR PPAADDAA SSEENNDDII PPAANNGGGGUULL DDAANN PPAAHHAA,1.812.900
355,50.0,102.5,452.8,786.3,137,M-2-22-0,PPRROOSSEEDDUURR KKEECCIILL PPAADDAA SSEENNDDII PPAANNGGGGUULL DDAANN PPAAHHAA,430.900
355,50.0,102.5,452.8,786.3,138,M-2-31-0,PPRROOSSEEDDUURR BBUUNNIIOONN,954.400
355,50.0,102.5,452.8,786.3,139,M-2-32-0,PPRROOSSEEDDUURR LLAAIINN--LLAAIINN PPAADDAA KKAAKKII,483.700
355,50.0,102.5,452.8,786.3,140,M-2-41-0,"PPRROOSSEEDDUURR EEKKSSIISSII,, IINNSSIISSII DDAANN AARRTTHHRROOTTOOMMII TTUULLAANNGG",633.500
355,50.0,102.5,452.8,786.3,141,M-2-42-0,PPRROOSSEEDDUURR PPEEMMIINNDDAAHHAANN AALLAATT IIMMPPLLAANN,476.100
355,50.0,102.5,452.8,786.3,142,M-2-51-0,PPRROOSSEEDDUURR BBEESSAARR PPAADDAA JJAARRIINNGGAANN LLUUNNAAKK,841.000
355,50.0,102.5,452.8,786.3,143,M-2-52-0,PPRROOSSEEDDUURR KKEECCIILL PPAADDAA JJAARRIINNGGAANN LLUUNNAAKK,786.700
355,50.0,102.5,452.8,786.3,144,M-2-61-0,PPRROOSSEEDDUURR AARRTTRROOSSKKOOPPII,1.343.900
355,50.0,102.5,452.8,786.3,145,M-2-62-0,PPRROOSSEEDDUURR LLAAIINN--LLAAIINN PPAADDAA SSEENNDDII && TTUULLAANNGG,469.500
355,50.0,102.5,452.8,786.3,146,M-2-63-0,"PPRROOSSEEDDUURR IINNSSIISSII,, BBIIOOPPSSII DDAANN GGRRAAFFTT PPAADDAA TTUULLAANNGG",1.219.200
355,50.0,102.5,452.8,786.3,147,M-2-64-0,PPRROOSSEEDDUURR BBEESSAARR PPAADDAA TTUULLAANNGG KKEEPPAALLAA && WWAAJJAAHH,1.644.100
355,50.0,102.5,452.8,786.3,148,M-2-65-0,PPRROOSSEEDDUURR KKEECCIILL PPAADDAA TTUULLAANNGG KKEEPPAALLAA && WWAAJJAAHH,354.700
355,50.0,102.5,452.8,786.3,149,M-2-71-0,PPRROOSSEEDDUURR BBEESSAARR PPAADDAA LLUUTTUUTT && TTUUNNGGKKAAII BBAAWWAAHH,1.750.500
355,50.0,102.5,452.8,786.3,150,M-2-72-0,PPRROOSSEEDDUURR KKEECCIILL PPAADDAA LLUUTTUUTT && TTUUNNGGKKAAII BBAAWWAAHH,949.900
355,50.0,102.5,452.8,786.3,151,M-2-81-0,"PPRROOSSEEDDUURR BBEESSAARR PPAADDAA LLEENNGGAANN,, SSIIKKUU && BBAAHHUU",2.072.000
355,50.0,102.5,452.8,786.3,152,M-2-82-0,"PPRROOSSEEDDUURR KKEECCIILL PPAADDAA LLEENNGGAANN,, SSIIKKUU && BBAAHHUU",1.039.300
355,50.0,102.5,452.8,786.3,153,M-2-83-0,PPRROOSSEEDDUURR BBEESSAARR PPAADDAA TTAANNGGAANN && PPEERRGGEELLAANNGGAANN TTAANNGGAANN,966.400
355,50.0,102.5,452.8,786.3,154,M-2-84-0,PPRROOSSEEDDUURR KKEECCIILL PPAADDAA TTAANNGGAANN && PPEERRGGEELLAANNGGAANN TTAANNGGAANN,597.900
355,50.0,102.5,452.8,786.3,155,M-3-10-0,PPRROOSSEEDDUURR MMAANNIIPPUULLAATTIIVVEE OOSSTTEEOOPPAATTHHIICC,128.500
355,50.0,102.5,452.8,786.3,156,M-3-11-0,PPRROOSSEEDDUURR DDIIAAGGNNOOSSTTIIKK DDAANN TTEERRAAPPEEUUTTIIKK MMUUSSKKUULLOOSSKKEELLEETTAALL,447.400
355,50.0,102.5,452.8,786.3,157,M-3-12-0,PPRROOSSEEDDUURR BBIIOOPPSSII SSEENNDDII DDAANN TTRRAAKKSSII SSKKEELLEETTAALL,937.500
355,50.0,102.5,452.8,786.3,158,M-3-13-0,PPRROOSSEEDDUURR RREEDDUUKKSSII FFRRAAKKTTUURR TTEERRTTUUTTUUPP,621.900
355,50.0,102.5,452.8,786.3,159,M-3-14-0,PPRROOSSEEDDUURR RREEDDUUKKSSII FFRRAAKKTTUURR WWAAJJAAHH TTEERRTTUUTTUUPP,551.300
356,50.0,102.5,452.8,786.3,160,M-3-15-0,PPRROOSSEEDDUURR AAPPLLIIKKAASSII CCAASSTTSS DDAANN SSPPLLIINNTTSS,416.900
356,50.0,102.5,452.8,786.3,161,M-3-16-0,PPRROOSSEEDDUURR TTHHEERRAAPPII FFIISSIIKK DDAANN PPRROOSSEEDDUURR KKEECCIILL MMUUSSKKUULLOOSSKKLLEETTAALL,133.300
356,50.0,102.5,452.8,786.3,162,M-3-17-0,PPRROOSSEEDDUURR PPEEMMAASSAANNGGAANN AALLAATT PPRROOSSTTEETTIIKK,308.100
356,50.0,102.5,452.8,786.3,163,N-2-11-0,PPRROOSSEEDDUURR BBEESSAARR PPAADDAA KKAANNDDUUNNGG KKEEMMIIHH,4.635.000
356,50.0,102.5,452.8,786.3,164,N-2-12-0,"PPRROOSSEEDDUURR MMEEMMBBUUAATT BBAARRUU,, MMEERREEVVIISSII DDAANN MMEEMMIINNDDAAHHKKAANN AALLAATT DDIIAALLIISSIISS",3.395.000
356,50.0,102.5,452.8,786.3,165,N-2-21-0,EEXXTTRRAACCOORRPPOORREEAALL SSHHOOCCKKWWAAVVEE LLIITTHHOOTTRRIIPPSSYY ((EESSWWLL)) PPAADDAA SSAALLUURRAANN KKEEMMIIHH,4.428.500
356,50.0,102.5,452.8,786.3,166,N-2-22-0,PPRROOSSEEDDUURR BBEESSAARR PPAADDAA GGIINNJJAALL DDAANN UURREETTEERR,2.072.800
356,50.0,102.5,452.8,786.3,167,N-2-23-0,PPRROOSSEEDDUURR SSEEDDAANNGG PPAADDAA GGIINNJJAALL DDAANN UURREETTEERR,1.413.800
356,50.0,102.5,452.8,786.3,168,N-2-24-0,PPRROOSSEEDDUURR KKEECCIILL PPAADDAA GGIINNJJAALL DDAANN UURREETTEERR,999.900
356,50.0,102.5,452.8,786.3,169,N-2-31-0,PPRROOSSEEDDUURR BBEESSAARR PPAADDAA KKAANNDDUUNNGG KKEEMMIIHH DDAANN UURREETTHHRRAA,1.190.100
356,50.0,102.5,452.8,786.3,170,N-2-32-0,PPRROOSSEEDDUURR KKEECCIILL PPAADDAA KKAANNDDUUNNGG KKEEMMIIHH DDAANN UURREETTHHRRAA,711.000
356,50.0,102.5,452.8,786.3,171,N-2-41-0,PPRROOSSEEDDUURR BBEESSAARR PPAADDAA UURREETTHHRRAA DDAANN TTRRAANNSSUURREETTHHRRAA,1.405.800
356,50.0,102.5,452.8,786.3,172,N-2-42-0,PPRROOSSEEDDUURR KKEECCIILL PPAADDAA UURREETTHHRRAA DDAANN TTRRAANNSSUURREETTHHRRAA,834.800
356,50.0,102.5,452.8,786.3,173,N-3-10-0,PPRROOSSEEDDUURR PPAADDAA GGIINNJJAALL DDAANN UURREETTEERR,381.200
356,50.0,102.5,452.8,786.3,174,N-3-11-0,PPRROOSSEEDDUURR DDIIAAGGNNOOSSTTIIKK LLAAIINN PPAADDAA SSTTUUDDII SSAALLUURRAANN KKEEMMIIHH,523.100
356,50.0,102.5,452.8,786.3,175,N-3-12-0,PPRROOSSEEDDUURR CCYYSSTTOOSSCCOOPPII && PPRROOSSEEDDUURR KKEECCIILL EENNDDOOSSKKOOPPII SSAALLUURRAANN KKEEMMIIHH,995.700
356,50.0,102.5,452.8,786.3,176,N-3-13-0,PPRROOSSEEDDUURR BBEESSAARR EENNDDOOSSKKOOPPII PPAADDAA SSAALLUURRAANN KKEEMMIIHH,1.085.600
356,50.0,102.5,452.8,786.3,177,N-3-14-0,PPRROOSSEEDDUURR KKEECCIILL EENNDDOOSSKKOOPPII PPAADDAA SSAALLUURRAANN KKEEMMIIHH,384.700
356,50.0,102.5,452.8,786.3,178,N-3-15-0,PPRROOSSEEDDUURR DDIIAALLIISSIISS,909.100
356,50.0,102.5,452.8,786.3,179,O-7-10-0,PPRROOSSEEDDUURR PPEERRSSAALLIINNAANN DDEENNGGAANN BBEEDDAAHH CCAAEESSAARR,2.323.200
356,50.0,102.5,452.8,786.3,180,O-7-11-0,PPEERRSSAALLIINNAANN VVAAGGIINNAALL DDEENNGGAANN SSTTEERRIILLIISSAASSII DDAANN AATTAAUU PPEELLEEBBAARRAANN DDAANN KKUURREETTAASSEE,2.081.800
356,50.0,102.5,452.8,786.3,181,O-7-12-0,PPRROOSSEEDDUURR PPEERRSSAALLIINNAANN VVAAGGIINNAALL DDEENNGGAANN PPRROOSSEEDDUURR SSEELLAAIINN SSTTEERRIILLIISSAASSII DDAANN AATTAAUU PPEELLEEBBAARRAANN DDAANN KKUURREETTAASSEE,1.839.600
356,50.0,102.5,452.8,786.3,182,O-7-13-0,PPRROOSSEEDDUURR PPEERRSSAALLIINNAANN MMEELLAALLUUII VVAAGGIINNAALL//JJAALLAANN LLAAHHIIRR,1.395.900
356,50.0,102.5,452.8,786.3,183,P-9-11-0,"NNEEOONNAATTAALL,, BBBBLL GGRROOUUPP--22",449.700
356,50.0,102.5,452.8,786.3,184,P-9-12-0,"NNEEOONNAATTAALL,, BBBBLL GGRROOUUPP--33",435.800
356,50.0,102.5,452.8,786.3,185,P-9-13-0,"NNEEOONNAATTAALL,, BBBBLL GGRROOUUPP--44",350.000
356,50.0,102.5,452.8,786.3,186,P-9-14-0,"NNEEOONNAATTAALL,, BBBBLL GGRROOUUPP--55 DDEENNGGAANN AANNOOMMAALLII MMAAYYOORR AATTAAUU KKOONNDDIISSII HHEERREEDDIITTEERR",303.900
356,50.0,102.5,452.8,786.3,187,P-9-15-0,"NNEEOONNAATTAALL,, BBBBLL GGRROOUUPP--55 DDEENNGGAANN SSIINNDDRROOMM AASSPPIIRRAASSII",255.600
356,50.0,102.5,452.8,786.3,188,P-9-16-0,"NNEEOONNAATTAALL,, BBBBLL GGRROOUUPP--55 DDEENNGGAANN KKOONNGGEENNIITTAALL//IINNFFEEKKSSII PPEERRIINNAATTAALL",288.200
356,50.0,102.5,452.8,786.3,189,P-9-17-0,"NNEEOONNAATTAALL,, BBBBLL GGRROOUUPP--55",301.300
356,50.0,102.5,452.8,786.3,190,Q-5-10-0,PPEENNYYAALLAAHHGGUUNNAAAANN ZZAATT KKIIMMIIAA AAKKUUTT,326.000
356,50.0,102.5,452.8,786.3,191,Q-5-11-0,PPEENNYYAALLAAHHGGUUNNAAAANN ZZAATT KKIIMMIIAA BBUUKKAANN AAKKUUTT,240.100
356,50.0,102.5,452.8,786.3,192,Q-5-12-0,GIGI,248.500
356,50.0,102.5,452.8,786.3,193,Q-5-13-0,MMEEDDIICCAALL CCHHEECCKK--UUPP,135.900
356,50.0,102.5,452.8,786.3,194,Q-5-14-0,RROONNGGEENNTT ((PPLLAAIINN FFIILLMM)),178.400
356,50.0,102.5,452.8,786.3,195,Q-5-15-0,EELLEEKKTTRROOKKAARRDDIIOOGGRRAAMM ((EECCGG)),87.600
356,50.0,102.5,452.8,786.3,196,Q-5-16-0,VAKSINASI,100.100
356,50.0,102.5,452.8,786.3,197,Q-5-17-0,PPAASSAANNGG IINNFFUUSS,98.200
356,50.0,102.5,452.8,786.3,198,Q-5-18-0,KKOONNSSUULLTTAASSII AATTAAUU PPEEMMEERRIIKKSSAAAANN LLAAIINN--LLAAIINN,148.300
356,50.0,102.5,452.8,786.3,199,Q-5-19-0,KKOONNTTAAKK PPEELLAAYYAANNAANN KKEESSEEHHAATTAANN LLAAIINN--LLAAIINN,155.400
356,50.0,102.5,452.8,786.3,200,Q-5-20-0,AABBOORRSSII MMEENNGGAANNCCAAMM,216.600
356,50.0,102.5,452.8,786.3,201,Q-5-21-0,ABORSI,229.600
356,50.0,102.5,452.8,786.3,202,Q-5-22-0,PPEERRSSAALLIINNAANN YYAANNGG SSUUKKAARR ((FFAALLSSEE LLAABBOORR)),143.600
356,50.0,102.5,452.8,786.3,203,Q-5-23-0,PPEEMMEERRIIKKSSAAAANN AANNTTEEPPAARRTTUUMM,158.300
356,50.0,102.5,452.8,786.3,204,Q-5-24-0,PPEEMMEERRIIKKSSAAAANN PPOOSSTTPPAARRTTUUMM,103.900
356,50.0,102.5,452.8,786.3,205,Q-5-25-0,GGAASSTTRROOIINNTTEESSTTIINNAALL AAKKUUTT,165.000
356,50.0,102.5,452.8,786.3,206,Q-5-26-0,BBRROONNKKIIAALL AAKKUUTT,216.800
356,50.0,102.5,452.8,786.3,207,Q-5-27-0,SSIISSTTEEMM PPEERRSSAARRAAFFAANN PPUUSSAATT AAKKUUTT,162.900
356,50.0,102.5,452.8,786.3,208,Q-5-28-0,KKEECCEEDDEERRAAAANN SSIISSTTEEMM PPEERRSSAARRAAFFAANN PPUUSSAATT,227.200
356,50.0,102.5,452.8,786.3,209,Q-5-29-0,GGAAGGAALL JJAANNTTUUNNGG KKOONNGGEESSTTIIFF DDAANN KKOONNDDIISSII JJAANNTTUUNNGG LLAAIINN--LLAAIINN,533.900
356,50.0,102.5,452.8,786.3,210,Q-5-30-0,IINNFFAARRKK MMIIOOKKAARRDD AAKKUUTT DDAANN AARRIITTMMIIAA,619.000
356,50.0,102.5,452.8,786.3,211,Q-5-31-0,FRAKTUR,202.200
356,50.0,102.5,452.8,786.3,212,Q-5-32-0,SSAALLUURRAANN KKEEMMIIHH AAKKUUTT,256.900
356,50.0,102.5,452.8,786.3,213,Q-5-33-0,HHEEMMAATTOOLLOOGGII AAKKUUTT,186.500
356,50.0,102.5,452.8,786.3,214,Q-5-34-0,IINNFFEEKKSSII VVIIRRUUSS HHIIVV,246.700
356,50.0,102.5,452.8,786.3,215,Q-5-35-0,IINNFFEEKKSSII AAKKUUTT,432.200
356,50.0,102.5,452.8,786.3,216,Q-5-36-0,KKEEKKAACCAAUUAANN MMEETTAABBOOLLIIKK AAKKUUTT,370.000
356,50.0,102.5,452.8,786.3,217,Q-5-37-0,"CCAARRDDIIAACC AARRRREESSTT,, RREESSPPIIRRAATTOORRYY AARRRREESSTT && SSHHOOCCKK",346.400
356,50.0,102.5,452.8,786.3,218,Q-5-38-0,PPAARRUU AAKKUUTT,276.200
356,50.0,102.5,452.8,786.3,219,Q-5-39-0,KKEECCEEDDEERRAAAANN BBEESSAARR PPAADDAA JJAARRIINNGGAANN LLUUNNAAKK,178.200
356,50.0,102.5,452.8,786.3,220,Q-5-40-0,IINNFFEEKKSSII SSAALLUURRAANN KKEEMMIIHH AAKKUUTT,156.600
356,50.0,102.5,452.8,786.3,221,Q-5-41-0,PPEENNYYAAKKIITT AAKKUUTT BBEESSAARR LLAAIINN--LLAAIINN,296.600
356,50.0,102.5,452.8,786.3,222,Q-5-42-0,PPEENNYYAAKKIITT AAKKUUTT KKEECCIILL LLAAIINN--LLAAIINN,206.500
356,50.0,102.5,452.8,786.3,223,Q-5-43-0,PPEENNYYAAKKIITT KKRROONNIISS BBEESSAARR LLAAIINN--LLAAIINN,279.700
356,50.0,102.5,452.8,786.3,224,Q-5-44-0,PPEENNYYAAKKIITT KKRROONNIISS KKEECCIILL LLAAIINN--LLAAIINN,198.800
356,50.0,102.5,452.8,786.3,225,T-2-10-0,"PPEEMMUULLIIHHAANN AALLKKOOHHOOLL,, OOBBAATT DDAANN AATTAAUU TTEERRAAPPII DDEETTOOKKSSIIKKAASSII",145.500
356,50.0,102.5,452.8,786.3,226,U-2-10-0,PPRROOSSEEDDUURR BBEESSAARR PPAADDAA LLAARRIINNGG,2.564.600
356,50.0,102.5,452.8,786.3,227,U-2-11-0,PPRROOSSEEDDUURR BBEESSAARR LLAAIINN--LLAAIINN PPAADDAA KKEEPPAALLAA && LLEEHHEERR,1.918.500
356,50.0,102.5,452.8,786.3,228,U-2-12-0,PPRROOSSEEDDUURR PPAADDAA SSIINNUUSS && MMAASSTTOOIIDD,523.200
356,50.0,102.5,452.8,786.3,229,U-2-13-0,PPRROOSSEEDDUURR KKEELLEENNJJAARR LLUUDDAAHH,701.500
356,50.0,102.5,452.8,786.3,230,U-2-14-0,PPRROOSSEEDDUURR OOPPEERRAASSII BBIIBBIIRR SSUUMMBBIINNGG && LLAANNGGIITT--LLAANNGGIITT MMUULLUUTT,1.452.200
356,50.0,102.5,452.8,786.3,231,U-2-15-0,PPRROOSSEEDDUURR OOPPEERRAASSII TTOONNSSIILL && AAMMAANNDDEELL,1.404.400
356,50.0,102.5,452.8,786.3,232,U-2-21-0,"PPRROOSSEEDDUURR BBEESSAARR PPAADDAA TTEELLIINNGGAA,, HHIIDDUUNNGG,, MMUULLUUTT DDAANN TTEENNGGGGOORROOKKAANN",772.800
356,50.0,102.5,452.8,786.3,233,U-2-22-0,"PPRROOSSEEDDUURR SSEEDDAANNGG PPAADDAA TTEELLIINNGGAA,, HHIIDDUUNNGG,, MMUULLUUTT DDAANN TTEENNGGGGOORROOKKAANN",399.300
356,50.0,102.5,452.8,786.3,234,U-2-23-0,PPRROOSSEEDDUURR PPEERRBBAAIIKKAANN HHIIDDUUNNGG ((RRHHIINNOOPPLLAASSTTYY)),1.244.100
356,50.0,102.5,452.8,786.3,235,U-2-24-0,PPRROOSSEEDDUURR KKEECCIILL PPAADDAA HHIIDDUUNNGG,297.600
356,50.0,102.5,452.8,786.3,236,U-2-25-0,PPRROOSSEEDDUURR PPAADDAA TTEELLIINNGGAA TTEENNGGAAHH,415.600
356,50.0,102.5,452.8,786.3,237,U-2-31-0,PPRROOSSEEDDUURR BBEESSAARR PPAADDAA MMUULLUUTT DDAANN LLIIDDAAHH,668.400
356,50.0,102.5,452.8,786.3,238,U-2-32-0,PPRROOSSEEDDUURR KKEECCIILL PPAADDAA MMUULLUUTT DDAANN LLIIDDAAHH,389.200
356,50.0,102.5,452.8,786.3,239,U-3-10-0,"PPRROOSSEEDDUURR SSEEDDAANNGG LLAAIINN--LLAAIINN PPAADDAA TTEELLIINNGGAA,, HHIIDDUUNNGG,, MMUULLUUTT DDAANN TTEENNGGGGOORROOKKAANN",329.200
357,50.0,102.5,452.8,536.6,240,U-3-11-0,"PPRROOSSEEDDUURR KKEECCIILL LLAAIINN--LLAAIINN PPAADDAA TTEELLIINNGGAA,, HHIIDDUUNNGG,, MMUULLUUTT DDAANN TTEENNGGGGOORROOKKAANN",311.600
357,50.0,102.5,452.8,536.6,241,U-3-12-0,PPRROOSSEEDDUURR KKAAUUTTEERRIISSAASSII && PPAACCKKIINNGG PPAADDAA RROONNGGGGAA HHIIDDUUNNGG,237.000
357,50.0,102.5,452.8,536.6,242,U-3-13-0,"PPRROOSSEEDDUURR DDIIAAGGNNOOSSTTIIKK LLAAIINN--LLAAIINN PPAADDAA TTEELLIINNGGAA,, HHIIDDUUNNGG,, MMUULLUUTT DDAANN TTEENNGGGGOORROOKKAANN",409.600
357,50.0,102.5,452.8,536.6,243,U-3-14-0,"PPRROOSSEEDDUURR TTEESS FFUUNNGGSSII PPAADDAA TTEELLIINNGGAA,, HHIIDDUUNNGG,, MMUULLUUTT DDAANN TTEENNGGGGOORROOKKAANN",303.300
357,50.0,102.5,452.8,536.6,244,U-3-15-0,"PPRROOSSEEDDUURR LLAAIINN--LLAAIINN PPAADDAA TTEELLIINNGGAA,, HHIIDDUUNNGG,, MMUULLUUTT DDAANN TTEENNGGGGOORROOKKAANN",311.800
357,50.0,102.5,452.8,536.6,245,U-3-16-0,PPRROOSSEEDDUURR PPAADDAA GGIIGGII,358.300
357,50.0,102.5,452.8,536.6,246,V-2-10-0,PPRROOSSEEDDUURR BBEESSAARR PPAADDAA PPEENNGGAANNGGKKAATTAANN PPRROOSSTTAATT,2.407.100
357,50.0,102.5,452.8,536.6,247,V-2-11-0,PPRROOSSEEDDUURR PPAADDAA PPEENNIISS,534.500
357,50.0,102.5,452.8,536.6,248,V-2-12-0,PPRROOSSEEDDUURR SSEEDDAANNGG PPAADDAA PPRROOSSTTAATT DDAANN SSKKRROOTTUUMM,866.300
357,50.0,102.5,452.8,536.6,249,V-2-13-0,PPRROOSSEEDDUURR KKEECCIILL PPAADDAA PPRROOSSTTAATT DDAANN SSKKRROOTTUUMM,405.300
357,50.0,102.5,452.8,536.6,250,V-2-14-0,PPEENNGGAANNGGKKAATTAANN PPRROOSSTTAATT MMEELLAALLUUII TTRRAANNSSUURREETTHHRRAALL,661.500
357,50.0,102.5,452.8,536.6,251,V-2-15-0,SIRKUMSISI/SUNAT,484.200
357,50.0,102.5,452.8,536.6,252,V-3-10-0,PPRROOSSEEDDUURR SSTTEERRIILLIISSAASSII PPAADDAA LLAAKKII--LLAAKKII,416.900
357,50.0,102.5,452.8,536.6,253,V-3-11-0,PPRROOSSEEDDUURR DDIIAAGGNNOOSSTTIIKK DDAANN TTEERRAAPPEEUUTTIIKK PPAADDAA AALLAATT GGEENNIITTAALL LLAAKKII--LLAAKKII,869.400
357,50.0,102.5,452.8,536.6,254,V-3-12-0,PPRROOSSEEDDUURR LLAAIINN PPAADDAA AALLAATT GGEENNIITTAALL LLAAKKII--LLAAKKII,770.400
357,50.0,102.5,452.8,536.6,255,W-2-10-0,PPRROOSSEEDDUURR AABBOORRSSII,1.380.500
357,50.0,102.5,452.8,536.6,256,W-2-11-0,"PPRROOSSEEDDUURR PPEELLEEBBAARRAANN,, KKUURREETTAASSEE DDAALLAAMM RRAAHHIIMM && LLEEHHEERR RRAAHHIIMM",1.231.600
357,50.0,102.5,452.8,536.6,257,W-2-12-0,PPRROOSSEEDDUURR MMEEMMBBUUKKAA TTUUBBAA YYAANNGG TTEERRHHAALLAANNGG//TTEERRGGAANNGGGGUU,1.375.300
357,50.0,102.5,452.8,536.6,258,W-2-13-0,PPRROOSSEEDDUURR EENNDDOOSSKKOOPPII TTUUBBAA YYAANNGG TTEERRHHAALLAANNGG//TTEERRGGAANNGGGGUU,935.100
357,50.0,102.5,452.8,536.6,259,W-2-21-0,PPRROOSSEEDDUURR BBEESSAARR PPAADDAA FFRRAAKKTTUURR RROONNGGGGAA PPAANNGGGGUULL TTEERRBBUUKKAA,2.043.700
357,50.0,102.5,452.8,536.6,260,W-2-22-0,PPRROOSSEEDDUURR KKEECCIILL PPAADDAA FFRRAAKKTTUURR RROONNGGGGAA PPAANNGGGGUULL TTEERRBBUUKKAA,616.400
357,50.0,102.5,452.8,536.6,261,W-2-23-0,PPRROOSSEEDDUURR LLAAPPAARROOSSKKOOPPII GGIINNEEKKOOLLOOGGII,1.308.400
357,50.0,102.5,452.8,536.6,262,W-2-31-0,PPRROOSSEEDDUURR PPEEMMBBUUAANNGGAANN RRAAHHIIMM MMEELLAALLUUII JJAALLAANN LLAAHHIIRR,2.354.300
357,50.0,102.5,452.8,536.6,263,W-2-32-0,PPRROOSSEEDDUURR PPEERRBBAAIIKKAANN CCYYSSTTOOCCEELLEE DDAANN VVUULLVVOOVVAAGGIINNAALL IINNTTEERRMMEEDDIIAATTEE,1.979.800
357,50.0,102.5,452.8,536.6,264,W-2-33-0,PPRROOSSEEDDUURR KKEECCIILL VVUULLVVOOVVAAGGIINNAALL,1.035.200
357,50.0,102.5,452.8,536.6,265,W-2-34-0,PPRROOSSEEDDUURR GGIINNEEKKOOLLOOGGII LLAAIINN--LLAAIINN,480.900
357,50.0,102.5,452.8,536.6,266,W-3-10-0,PPRROOSSEEDDUURR KKEECCIILL GGIINNEEKKOOLLOOGGII && EENNDDOOSSKKOOPPII,741.800
357,50.0,102.5,452.8,536.6,267,W-3-11-0,PPRROOSSEEDDUURR SSEEDDAANNGG GGIINNEEKKOOLLOOGGII,723.900
357,50.0,102.5,452.8,536.6,268,W-3-12-0,PPRROOSSEEDDUURR KKEECCIILL GGIINNEEKKOOLLOOGGII,331.600
357,50.0,102.5,452.8,536.6,269,Z-3-10-0,PPRROOSSEEDDUURR RRAADDIIOOSSUURRGGIICCAALL,2.211.900
357,50.0,102.5,452.8,536.6,270,Z-3-11-0,EEXXTTRRAACCOORRPPOORREEAALL SSHHOOCCKKWWAAVVEE LLIITTHHOOTTRRIIPPSSYY ((EESSWWLL)) SSEELLAAIINN UURRIINNAARRII DDAANN SSAALLUURRAANN EEMMPPEEDDUU,2.944.200
357,50.0,102.5,452.8,536.6,271,Z-3-12-0,PPRROOSSEEDDUURR RREEHHAABBIILLIITTAASSII,170.300
357,50.0,102.5,452.8,536.6,272,Z-3-13-0,PPRROOSSEEDDUURR KKEECCIILL PPEELLAAYYAANNAANN PPEENNUUNNJJAANNGG LLAAIINN--LLAAIINN,180.600
357,50.0,102.5,452.8,536.6,273,Z-3-14-0,DDIIAAGGNNOOSSTTIIKK TTIIDDUURR,453.200
357,50.0,102.5,452.8,536.6,274,Z-3-15-0,IIMMAAGGIINNGG NNUUKKLLIIRR JJAANNTTUUNNGG,525.900
357,50.0,102.5,452.8,536.6,275,Z-3-16-0,PPRROOSSEEDDUURR MMAAGGNNEETTIICC RREESSOONNAANNCCEE IIMMAAGGIINNGG ((MMRRII)),1.227.300
357,50.0,102.5,452.8,536.6,276,Z-3-17-0,PPEENNGGOOBBAATTAANN NNUUKKLLIIRR,1.221.700
357,50.0,102.5,452.8,536.6,277,Z-3-18-0,CCTT--SSCCAANN KKEEPPAALLAA,1.103.200
357,50.0,102.5,452.8,536.6,278,Z-3-19-0,CCTT SSCCAANN LLAAIINN--LLAAIINN,1.371.600
357,50.0,102.5,452.8,536.6,279,Z-3-20-0,IIMMAAGGIINNGG KKOONNTTRRAASS SSAALLUURRAANN UURRIINNAARRII,727.900
357,50.0,102.5,452.8,536.6,280,Z-3-21-0,IIMMAAGGIINNGG KKOONNTTRRAASS PPEEMMBBUULLUUHH DDAARRAAHH,1.080.200
357,50.0,102.5,452.8,536.6,281,Z-3-22-0,IIMMAAGGIINNGG KKOONNTTRRAASS LLAAIINN--LLAAIINN,699.700
357,50.0,102.5,452.8,536.6,282,Z-3-23-0,PPRROOSSEEDDUURR UULLTTRRAASSOOUUNNDD LLAAIINN--LLAAIINN,572.200
357,50.0,102.5,452.8,536.6,283,Z-3-24-0,PPRROOSSEEDDUURR UULLTTRRAASSOOUUNNDD PPEEMMBBUULLUUHH DDAARRAAHH,731.700
357,50.0,102.5,452.8,536.6,284,Z-3-25-0,PPRROOSSEEDDUURR UULLTTRRAASSOOUUNNDD GGIINNEEKKOOLLOOGGIIKK,324.700
357,50.0,102.5,452.8,536.6,285,Z-3-26-0,PPRROOSSEEDDUURR BBEESSAARR RRAADDIIOOGGRRAAFFII,718.000
357,50.0,102.5,452.8,536.6,286,Z-3-27-0,PPEERRAAWWAATTAANN LLUUKKAA,205.200
357,50.0,102.5,452.8,536.6,287,Z-3-28-0,IIMMAAGGIINNGG PPAAYYUUDDAARRAA,709.500
357,50.0,102.5,452.8,536.6,288,Z-3-29-0,IIMMAAGGIINNGG LLAAIINN--LLAAIINN,1.628.300
357,50.0,102.5,452.8,536.6,289,Z-3-30-0,FOTOTERAPI,105.400
